Date,Actual,Predicted,Model
2019-12-20,0.09112867028261344,0.093888100323131,Historical Volatility
2019-12-20,0.09112867028261344,0.11378636016478799,GARCH
2019-12-20,0.09112867028261344,0.08751780962034716,Random Forest
2019-12-20,0.09112867028261344,0.08741569519042969,XGBoost
2019-12-20,0.09112867028261344,0.08955954760313034,Hybrid GARCH+ML
2019-12-23,0.10420400700210729,0.08306845370942906,Historical Volatility
2019-12-23,0.10420400700210729,0.11378636016478799,GARCH
2019-12-23,0.10420400700210729,0.08938189378044063,Random Forest
2019-12-23,0.10420400700210729,0.08668971061706543,XGBoost
2019-12-23,0.10420400700210729,0.09326270967721939,Hybrid GARCH+ML
2019-12-24,0.10071666761103464,0.08370441805633116,Historical Volatility
2019-12-24,0.10071666761103464,0.11378636016478799,GARCH
2019-12-24,0.10071666761103464,0.09478648004600052,Random Forest
2019-12-24,0.10071666761103464,0.09990689903497696,XGBoost
2019-12-24,0.10071666761103464,0.10370621085166931,Hybrid GARCH+ML
2019-12-26,0.10419705260870316,0.08646675014880115,Historical Volatility
2019-12-26,0.10419705260870316,0.11378636016478799,GARCH
2019-12-26,0.10419705260870316,0.10745047419709573,Random Forest
2019-12-26,0.10419705260870316,0.11773598194122314,XGBoost
2019-12-26,0.10419705260870316,0.12173927575349808,Hybrid GARCH+ML
2019-12-27,0.08406137360551384,0.0920874702226509,Historical Volatility
2019-12-27,0.08406137360551384,0.11378636016478799,GARCH
2019-12-27,0.08406137360551384,0.1017436707947247,Random Forest
2019-12-27,0.08406137360551384,0.10279875993728638,XGBoost
2019-12-27,0.08406137360551384,0.10200419276952744,Hybrid GARCH+ML
2019-12-30,0.16058599204711313,0.08678115657270422,Historical Volatility
2019-12-30,0.16058599204711313,0.11378636016478799,GARCH
2019-12-30,0.16058599204711313,0.10658962557829894,Random Forest
2019-12-30,0.16058599204711313,0.11240418255329132,XGBoost
2019-12-30,0.16058599204711313,0.1176469475030899,Hybrid GARCH+ML
2019-12-31,0.15638866972712104,0.09120544384310732,Historical Volatility
2019-12-31,0.15638866972712104,0.11378636016478799,GARCH
2019-12-31,0.15638866972712104,0.10895845875454296,Random Forest
2019-12-31,0.15638866972712104,0.11609631031751633,XGBoost
2019-12-31,0.15638866972712104,0.12357596307992935,Hybrid GARCH+ML
2020-01-01,0.15701974536470378,0.08929138572056479,Historical Volatility
2020-01-01,0.15701974536470378,0.11378636016478799,GARCH
2020-01-01,0.15701974536470378,0.10283880462094447,Random Forest
2020-01-01,0.15701974536470378,0.10263967514038086,XGBoost
2020-01-01,0.15701974536470378,0.10718542337417603,Hybrid GARCH+ML
2020-01-02,0.18375041106211773,0.0924035969215837,Historical Volatility
2020-01-02,0.18375041106211773,0.11378636016478799,GARCH
2020-01-02,0.18375041106211773,0.09803437646198447,Random Forest
2020-01-02,0.18375041106211773,0.09724504500627518,XGBoost
2020-01-02,0.18375041106211773,0.10018083453178406,Hybrid GARCH+ML
2020-01-03,0.18245996006433174,0.0938880931484406,Historical Volatility
2020-01-03,0.18245996006433174,0.11378636016478799,GARCH
2020-01-03,0.18245996006433174,0.10051786939088153,Random Forest
2020-01-03,0.18245996006433174,0.10398626327514648,XGBoost
2020-01-03,0.18245996006433174,0.10880377888679504,Hybrid GARCH+ML
2020-01-06,0.12767646826414492,0.11425145370101665,Historical Volatility
2020-01-06,0.12767646826414492,0.11378636016478799,GARCH
2020-01-06,0.12767646826414492,0.12549346593494418,Random Forest
2020-01-06,0.12767646826414492,0.12296131998300552,XGBoost
2020-01-06,0.12767646826414492,0.12150897830724716,Hybrid GARCH+ML
2020-01-07,0.12411652154516492,0.11541692273460194,Historical Volatility
2020-01-07,0.12411652154516492,0.11378636016478799,GARCH
2020-01-07,0.12411652154516492,0.11646111621127345,Random Forest
2020-01-07,0.12411652154516492,0.12063723802566528,XGBoost
2020-01-07,0.12411652154516492,0.1167711392045021,Hybrid GARCH+ML
2020-01-08,0.12352833905220972,0.11273783663587277,Historical Volatility
2020-01-08,0.12352833905220972,0.11378636016478799,GARCH
2020-01-08,0.12352833905220972,0.11825257797108935,Random Forest
2020-01-08,0.12352833905220972,0.11949560046195984,XGBoost
2020-01-08,0.12352833905220972,0.12153902649879456,Hybrid GARCH+ML
2020-01-09,0.05339715797695623,0.12420450004936022,Historical Volatility
2020-01-09,0.05339715797695623,0.11378636016478799,GARCH
2020-01-09,0.05339715797695623,0.11763141264538124,Random Forest
2020-01-09,0.05339715797695623,0.1110062450170517,XGBoost
2020-01-09,0.05339715797695623,0.11045439541339874,Hybrid GARCH+ML
2020-01-10,0.047869247816621316,0.12361393547753427,Historical Volatility
2020-01-10,0.047869247816621316,0.11378636016478799,GARCH
2020-01-10,0.047869247816621316,0.11208685162975934,Random Forest
2020-01-10,0.047869247816621316,0.1198129951953888,XGBoost
2020-01-10,0.047869247816621316,0.11004940420389175,Hybrid GARCH+ML
2020-01-13,0.07731567975881902,0.12099358419696926,Historical Volatility
2020-01-13,0.07731567975881902,0.11378636016478799,GARCH
2020-01-13,0.07731567975881902,0.10468069969675131,Random Forest
2020-01-13,0.07731567975881902,0.10809426754713058,XGBoost
2020-01-13,0.07731567975881902,0.10674929618835449,Hybrid GARCH+ML
2020-01-14,0.0814660203455031,0.12030986435075709,Historical Volatility
2020-01-14,0.0814660203455031,0.11378636016478799,GARCH
2020-01-14,0.0814660203455031,0.10583087461586832,Random Forest
2020-01-14,0.0814660203455031,0.10714495927095413,XGBoost
2020-01-14,0.0814660203455031,0.10546665638685226,Hybrid GARCH+ML
2020-01-15,0.0887296641389233,0.11693216422961504,Historical Volatility
2020-01-15,0.0887296641389233,0.11378636016478799,GARCH
2020-01-15,0.0887296641389233,0.10973707265503188,Random Forest
2020-01-15,0.0887296641389233,0.11519332230091095,XGBoost
2020-01-15,0.0887296641389233,0.11823892593383789,Hybrid GARCH+ML
2020-01-16,0.09832370632509504,0.11602372460456076,Historical Volatility
2020-01-16,0.09832370632509504,0.11378636016478799,GARCH
2020-01-16,0.09832370632509504,0.0990836650313432,Random Forest
2020-01-16,0.09832370632509504,0.09856057912111282,XGBoost
2020-01-16,0.09832370632509504,0.10545060783624649,Hybrid GARCH+ML
2020-01-17,0.1059330784616107,0.11565162817025407,Historical Volatility
2020-01-17,0.1059330784616107,0.11378636016478799,GARCH
2020-01-17,0.1059330784616107,0.09985245167695218,Random Forest
2020-01-17,0.1059330784616107,0.09958862513303757,XGBoost
2020-01-17,0.1059330784616107,0.10475483536720276,Hybrid GARCH+ML
2020-01-20,0.10697008163471212,0.12175664639591884,Historical Volatility
2020-01-20,0.10697008163471212,0.1202175836989996,GARCH
2020-01-20,0.10697008163471212,0.12151274710827929,Random Forest
2020-01-20,0.10697008163471212,0.13797126710414886,XGBoost
2020-01-20,0.10697008163471212,0.1417757123708725,Hybrid GARCH+ML
2020-01-21,0.1086591006784096,0.12270180009230973,Historical Volatility
2020-01-21,0.1086591006784096,0.1202175836989996,GARCH
2020-01-21,0.1086591006784096,0.1137119640160956,Random Forest
2020-01-21,0.1086591006784096,0.10714633762836456,XGBoost
2020-01-21,0.1086591006784096,0.10888088494539261,Hybrid GARCH+ML
2020-01-22,0.1110108866191734,0.12326029059568584,Historical Volatility
2020-01-22,0.1110108866191734,0.1202175836989996,GARCH
2020-01-22,0.1110108866191734,0.1225188017126888,Random Forest
2020-01-22,0.1110108866191734,0.12312684208154678,XGBoost
2020-01-22,0.1110108866191734,0.11741737276315689,Hybrid GARCH+ML
2020-01-23,0.1162354005026073,0.12257185384588613,Historical Volatility
2020-01-23,0.1162354005026073,0.1202175836989996,GARCH
2020-01-23,0.1162354005026073,0.10912898772192614,Random Forest
2020-01-23,0.1162354005026073,0.09478411078453064,XGBoost
2020-01-23,0.1162354005026073,0.10210557281970978,Hybrid GARCH+ML
2020-01-24,0.11770544275295679,0.11906558640751211,Historical Volatility
2020-01-24,0.11770544275295679,0.1202175836989996,GARCH
2020-01-24,0.11770544275295679,0.10071336720845787,Random Forest
2020-01-24,0.11770544275295679,0.09339193254709244,XGBoost
2020-01-24,0.11770544275295679,0.09393259882926941,Hybrid GARCH+ML
2020-01-27,0.17729992822658433,0.12480691757001507,Historical Volatility
2020-01-27,0.17729992822658433,0.1202175836989996,GARCH
2020-01-27,0.17729992822658433,0.12432213128031672,Random Forest
2020-01-27,0.17729992822658433,0.10766720771789551,XGBoost
2020-01-27,0.17729992822658433,0.11132010072469711,Hybrid GARCH+ML
2020-01-28,0.23789266169280726,0.12363768386032233,Historical Volatility
2020-01-28,0.23789266169280726,0.1202175836989996,GARCH
2020-01-28,0.23789266169280726,0.11517122958489866,Random Forest
2020-01-28,0.23789266169280726,0.10450927168130875,XGBoost
2020-01-28,0.23789266169280726,0.11114279180765152,Hybrid GARCH+ML
2020-01-29,0.24267985575581608,0.1257220379867246,Historical Volatility
2020-01-29,0.24267985575581608,0.1202175836989996,GARCH
2020-01-29,0.24267985575581608,0.10635257313073053,Random Forest
2020-01-29,0.24267985575581608,0.09676140546798706,XGBoost
2020-01-29,0.24267985575581608,0.09833670407533646,Hybrid GARCH+ML
2020-01-30,0.23807650080914738,0.12434961796031749,Historical Volatility
2020-01-30,0.23807650080914738,0.1202175836989996,GARCH
2020-01-30,0.23807650080914738,0.14127730015452028,Random Forest
2020-01-30,0.23807650080914738,0.11965379863977432,XGBoost
2020-01-30,0.23807650080914738,0.1356116682291031,Hybrid GARCH+ML
2020-01-31,0.23519608081239426,0.12508277193399658,Historical Volatility
2020-01-31,0.23519608081239426,0.1202175836989996,GARCH
2020-01-31,0.23519608081239426,0.15856418640458514,Random Forest
2020-01-31,0.23519608081239426,0.13321185111999512,XGBoost
2020-01-31,0.23519608081239426,0.1415291130542755,Hybrid GARCH+ML
2020-02-03,0.18333491155951057,0.12947023046290668,Historical Volatility
2020-02-03,0.18333491155951057,0.1202175836989996,GARCH
2020-02-03,0.18333491155951057,0.15728755525575197,Random Forest
2020-02-03,0.18333491155951057,0.12972134351730347,XGBoost
2020-02-03,0.18333491155951057,0.1389092355966568,Hybrid GARCH+ML
2020-02-04,0.09537097993554187,0.1541936336518707,Historical Volatility
2020-02-04,0.09537097993554187,0.1202175836989996,GARCH
2020-02-04,0.09537097993554187,0.11197275034720677,Random Forest
2020-02-04,0.09537097993554187,0.08910199254751205,XGBoost
2020-02-04,0.09537097993554187,0.10282499343156815,Hybrid GARCH+ML
2020-02-05,0.08884073802910407,0.15751238319994104,Historical Volatility
2020-02-05,0.08884073802910407,0.1202175836989996,GARCH
2020-02-05,0.08884073802910407,0.09674736676909407,Random Forest
2020-02-05,0.08884073802910407,0.09189201146364212,XGBoost
2020-02-05,0.08884073802910407,0.09785991907119751,Hybrid GARCH+ML
2020-02-06,0.08552130178939438,0.14744011185328892,Historical Volatility
2020-02-06,0.08552130178939438,0.1202175836989996,GARCH
2020-02-06,0.08552130178939438,0.09794690354732034,Random Forest
2020-02-06,0.08552130178939438,0.09959518164396286,XGBoost
2020-02-06,0.08552130178939438,0.10792448371648788,Hybrid GARCH+ML
2020-02-07,0.08975340205182972,0.14712901138997586,Historical Volatility
2020-02-07,0.08975340205182972,0.1202175836989996,GARCH
2020-02-07,0.08975340205182972,0.12192968483628935,Random Forest
2020-02-07,0.08975340205182972,0.10148359835147858,XGBoost
2020-02-07,0.08975340205182972,0.1208205595612526,Hybrid GARCH+ML
2020-02-10,0.0899394867483369,0.14596166218210918,Historical Volatility
2020-02-10,0.0899394867483369,0.1202175836989996,GARCH
2020-02-10,0.0899394867483369,0.13355444827039079,Random Forest
2020-02-10,0.0899394867483369,0.12014593929052353,XGBoost
2020-02-10,0.0899394867483369,0.13693644106388092,Hybrid GARCH+ML
2020-02-11,0.0840286243287595,0.1478285816858851,Historical Volatility
2020-02-11,0.0840286243287595,0.1202175836989996,GARCH
2020-02-11,0.0840286243287595,0.1576442109887993,Random Forest
2020-02-11,0.0840286243287595,0.14325101673603058,XGBoost
2020-02-11,0.0840286243287595,0.14930057525634766,Hybrid GARCH+ML
2020-02-12,0.10128511660417155,0.15100077633984837,Historical Volatility
2020-02-12,0.10128511660417155,0.1202175836989996,GARCH
2020-02-12,0.10128511660417155,0.09610605310896098,Random Forest
2020-02-12,0.10128511660417155,0.08965519070625305,XGBoost
2020-02-12,0.10128511660417155,0.09708380699157715,Hybrid GARCH+ML
2020-02-13,0.10352671917449952,0.1509832864731782,Historical Volatility
2020-02-13,0.10352671917449952,0.1202175836989996,GARCH
2020-02-13,0.10352671917449952,0.12747562643745855,Random Forest
2020-02-13,0.10352671917449952,0.11547134071588516,XGBoost
2020-02-13,0.10352671917449952,0.12639161944389343,Hybrid GARCH+ML
2020-02-14,0.1781437997998305,0.15173391668886657,Historical Volatility
2020-02-14,0.1781437997998305,0.1202175836989996,GARCH
2020-02-14,0.1781437997998305,0.1273932996768056,Random Forest
2020-02-14,0.1781437997998305,0.12624064087867737,XGBoost
2020-02-14,0.1781437997998305,0.1298081874847412,Hybrid GARCH+ML
2020-02-17,0.1746790826565978,0.14870659861125596,Historical Volatility
2020-02-17,0.1746790826565978,0.14007029381249517,GARCH
2020-02-17,0.1746790826565978,0.13034300033593413,Random Forest
2020-02-17,0.1746790826565978,0.14104977250099182,XGBoost
2020-02-17,0.1746790826565978,0.12932461500167847,Hybrid GARCH+ML
2020-03-19,1.2033224753120908,0.17082028453770487,Historical Volatility
2020-03-19,1.2033224753120908,0.14007029381249517,GARCH
2020-03-19,1.2033224753120908,0.32240332078370926,Random Forest
2020-03-19,1.2033224753120908,0.2971271872520447,XGBoost
2020-03-19,1.2033224753120908,0.293660044670105,Hybrid GARCH+ML
2020-03-20,1.1341259914265929,0.26789130979621156,Historical Volatility
2020-03-20,1.1341259914265929,0.14007029381249517,GARCH
2020-03-20,1.1341259914265929,0.305740642918284,Random Forest
2020-03-20,1.1341259914265929,0.29793280363082886,XGBoost
2020-03-20,1.1341259914265929,0.2924114167690277,Hybrid GARCH+ML
2020-03-23,0.6426091751839461,0.5647381025810311,Historical Volatility
2020-03-23,0.6426091751839461,0.14007029381249517,GARCH
2020-03-23,0.6426091751839461,0.3042252553091749,Random Forest
2020-03-23,0.6426091751839461,0.2949743866920471,XGBoost
2020-03-23,0.6426091751839461,0.2860797345638275,Hybrid GARCH+ML
2020-03-24,0.6730612316708001,0.5739448581406803,Historical Volatility
2020-03-24,0.6730612316708001,0.14007029381249517,GARCH
2020-03-24,0.6730612316708001,0.30521925203331557,Random Forest
2020-03-24,0.6730612316708001,0.2871840298175812,XGBoost
2020-03-24,0.6730612316708001,0.28769537806510925,Hybrid GARCH+ML
2020-03-25,0.5741446072488398,0.6233641119380998,Historical Volatility
2020-03-25,0.5741446072488398,0.14007029381249517,GARCH
2020-03-25,0.5741446072488398,0.29691992308091536,Random Forest
2020-03-25,0.5741446072488398,0.26413318514823914,XGBoost
2020-03-25,0.5741446072488398,0.2769484519958496,Hybrid GARCH+ML
2020-03-26,0.5273084001233949,0.6384947887246151,Historical Volatility
2020-03-26,0.5273084001233949,0.14007029381249517,GARCH
2020-03-26,0.5273084001233949,0.2999512070341257,Random Forest
2020-03-26,0.5273084001233949,0.2802017331123352,XGBoost
2020-03-26,0.5273084001233949,0.2758866548538208,Hybrid GARCH+ML
2020-03-27,0.7959042167589625,0.6382288223051781,Historical Volatility
2020-03-27,0.7959042167589625,0.14007029381249517,GARCH
2020-03-27,0.7959042167589625,0.2972929262035371,Random Forest
2020-03-27,0.7959042167589625,0.2682327926158905,XGBoost
2020-03-27,0.7959042167589625,0.2736290991306305,Hybrid GARCH+ML
2020-03-30,0.7305415373589146,0.6580036848349856,Historical Volatility
2020-03-30,0.7305415373589146,0.14007029381249517,GARCH
2020-03-30,0.7305415373589146,0.29873412493804774,Random Forest
2020-03-30,0.7305415373589146,0.26495790481567383,XGBoost
2020-03-30,0.7305415373589146,0.26632922887802124,Hybrid GARCH+ML
2020-03-31,0.7389778077099283,0.6716620464719384,Historical Volatility
2020-03-31,0.7389778077099283,0.14007029381249517,GARCH
2020-03-31,0.7389778077099283,0.30203078898097696,Random Forest
2020-03-31,0.7389778077099283,0.2655963897705078,XGBoost
2020-03-31,0.7389778077099283,0.2599737346172333,Hybrid GARCH+ML
2020-04-01,0.686039613454574,0.6836934083441172,Historical Volatility
2020-04-01,0.686039613454574,0.14007029381249517,GARCH
2020-04-01,0.686039613454574,0.3012957260999194,Random Forest
2020-04-01,0.686039613454574,0.275255411863327,XGBoost
2020-04-01,0.686039613454574,0.27403125166893005,Hybrid GARCH+ML
2020-04-03,0.6721392877006811,0.681973129898495,Historical Volatility
2020-04-03,0.6721392877006811,0.14007029381249517,GARCH
2020-04-03,0.6721392877006811,0.30124346279168324,Random Forest
2020-04-03,0.6721392877006811,0.2697644531726837,XGBoost
2020-04-03,0.6721392877006811,0.2762943506240845,Hybrid GARCH+ML
2020-04-07,0.3146185435094021,0.7469505855729773,Historical Volatility
2020-04-07,0.3146185435094021,0.14007029381249517,GARCH
2020-04-07,0.3146185435094021,0.29696683441864524,Random Forest
2020-04-07,0.3146185435094021,0.2689817547798157,XGBoost
2020-04-07,0.3146185435094021,0.2769308388233185,Hybrid GARCH+ML
2020-04-08,0.3783298875246607,0.747258745719816,Historical Volatility
2020-04-08,0.3783298875246607,0.14007029381249517,GARCH
2020-04-08,0.3783298875246607,0.2989705017029123,Random Forest
2020-04-08,0.3783298875246607,0.27752047777175903,XGBoost
2020-04-08,0.3783298875246607,0.26874715089797974,Hybrid GARCH+ML
2020-04-09,0.24450286147675063,0.759908537503331,Historical Volatility
2020-04-09,0.24450286147675063,0.14007029381249517,GARCH
2020-04-09,0.24450286147675063,0.29823640410728763,Random Forest
2020-04-09,0.24450286147675063,0.2523350119590759,XGBoost
2020-04-09,0.24450286147675063,0.24131692945957184,Hybrid GARCH+ML
2020-04-13,0.3143945735983799,0.7615488325174345,Historical Volatility
2020-04-13,0.3143945735983799,0.14007029381249517,GARCH
2020-04-13,0.3143945735983799,0.29509130887032,Random Forest
2020-04-13,0.3143945735983799,0.2553039789199829,XGBoost
2020-04-13,0.3143945735983799,0.255971223115921,Hybrid GARCH+ML
2020-04-15,0.3489618964520245,0.762370915372406,Historical Volatility
2020-04-15,0.3489618964520245,0.14007029381249517,GARCH
2020-04-15,0.3489618964520245,0.29807189530777245,Random Forest
2020-04-15,0.3489618964520245,0.2635045647621155,XGBoost
2020-04-15,0.3489618964520245,0.26980721950531006,Hybrid GARCH+ML
2020-04-16,0.3582645435030469,0.7623579826244897,Historical Volatility
2020-04-16,0.3582645435030469,0.14007029381249517,GARCH
2020-04-16,0.3582645435030469,0.2987277450615629,Random Forest
2020-04-16,0.3582645435030469,0.25610241293907166,XGBoost
2020-04-16,0.3582645435030469,0.24933898448944092,Hybrid GARCH+ML
2020-04-17,0.3130582142844555,0.7683538442986072,Historical Volatility
2020-04-17,0.3130582142844555,0.14007029381249517,GARCH
2020-04-17,0.3130582142844555,0.24148631482600247,Random Forest
2020-04-17,0.3130582142844555,0.21562433242797852,XGBoost
2020-04-17,0.3130582142844555,0.20330719649791718,Hybrid GARCH+ML
2020-04-20,0.3281671141725399,0.7678189731450275,Historical Volatility
2020-04-20,0.3281671141725399,0.14007029381249517,GARCH
2020-04-20,0.3281671141725399,0.24900286586142,Random Forest
2020-04-20,0.3281671141725399,0.23842409253120422,XGBoost
2020-04-20,0.3281671141725399,0.23567801713943481,Hybrid GARCH+ML
2020-04-21,0.2562965835321928,0.7772026641296037,Historical Volatility
2020-04-21,0.2562965835321928,0.4893535830680764,GARCH
2020-04-21,0.2562965835321928,0.30417682962992976,Random Forest
2020-04-21,0.2562965835321928,0.3376546800136566,XGBoost
2020-04-21,0.2562965835321928,0.32923221588134766,Hybrid GARCH+ML
2020-04-22,0.23776283030953937,0.7731141378135435,Historical Volatility
2020-04-22,0.23776283030953937,0.4893535830680764,GARCH
2020-04-22,0.23776283030953937,0.3081969707947373,Random Forest
2020-04-22,0.23776283030953937,0.3140321969985962,XGBoost
2020-04-22,0.23776283030953937,0.3072376251220703,Hybrid GARCH+ML
2020-04-23,0.3120389132757223,0.7499210232997582,Historical Volatility
2020-04-23,0.3120389132757223,0.4893535830680764,GARCH
2020-04-23,0.3120389132757223,0.2949371478145282,Random Forest
2020-04-23,0.3120389132757223,0.30307045578956604,XGBoost
2020-04-23,0.3120389132757223,0.2958303391933441,Hybrid GARCH+ML
2020-04-24,0.5086559426464299,0.538460999533546,Historical Volatility
2020-04-24,0.5086559426464299,0.4893535830680764,GARCH
2020-04-24,0.5086559426464299,0.30182409730564275,Random Forest
2020-04-24,0.5086559426464299,0.34317389130592346,XGBoost
2020-04-24,0.5086559426464299,0.32493337988853455,Hybrid GARCH+ML
2020-04-27,0.5035675700790365,0.5356771404010482,Historical Volatility
2020-04-27,0.5035675700790365,0.4893535830680764,GARCH
2020-04-27,0.5035675700790365,0.28574942763483074,Random Forest
2020-04-27,0.5035675700790365,0.31289300322532654,XGBoost
2020-04-27,0.5035675700790365,0.29812338948249817,Hybrid GARCH+ML
2020-04-28,0.5004711734083205,0.49427554195227597,Historical Volatility
2020-04-28,0.5004711734083205,0.4893535830680764,GARCH
2020-04-28,0.5004711734083205,0.29703766419443084,Random Forest
2020-04-28,0.5004711734083205,0.3026062250137329,XGBoost
2020-04-28,0.5004711734083205,0.29714569449424744,Hybrid GARCH+ML
2020-04-29,0.4866191978036285,0.4819829333399824,Historical Volatility
2020-04-29,0.4866191978036285,0.4893535830680764,GARCH
2020-04-29,0.4866191978036285,0.28551330543112463,Random Forest
2020-04-29,0.4866191978036285,0.2966868281364441,XGBoost
2020-04-29,0.4866191978036285,0.28553226590156555,Hybrid GARCH+ML
2020-04-30,0.433762862257576,0.4909060415748142,Historical Volatility
2020-04-30,0.433762862257576,0.4893535830680764,GARCH
2020-04-30,0.433762862257576,0.22510143986250747,Random Forest
2020-04-30,0.433762862257576,0.2490498125553131,XGBoost
2020-04-30,0.433762862257576,0.2473270446062088,Hybrid GARCH+ML
2020-05-04,0.10880809460889784,0.5129985915704574,Historical Volatility
2020-05-04,0.10880809460889784,0.4893535830680764,GARCH
2020-05-04,0.10880809460889784,0.30894219322912986,Random Forest
2020-05-04,0.10880809460889784,0.3263874650001526,XGBoost
2020-05-04,0.10880809460889784,0.32709959149360657,Hybrid GARCH+ML
2020-05-05,0.09146829308449017,0.5014149324052269,Historical Volatility
2020-05-05,0.09146829308449017,0.4893535830680764,GARCH
2020-05-05,0.09146829308449017,0.2998938644673538,Random Forest
2020-05-05,0.09146829308449017,0.3101414740085602,XGBoost
2020-05-05,0.09146829308449017,0.31019487977027893,Hybrid GARCH+ML
2020-05-06,0.16208223668843572,0.4734041018169124,Historical Volatility
2020-05-06,0.16208223668843572,0.4893535830680764,GARCH
2020-05-06,0.16208223668843572,0.30563380544006064,Random Forest
2020-05-06,0.16208223668843572,0.3453128933906555,XGBoost
2020-05-06,0.16208223668843572,0.3366604149341583,Hybrid GARCH+ML
2020-05-07,0.2393368065812161,0.4658847633090246,Historical Volatility
2020-05-07,0.2393368065812161,0.4893535830680764,GARCH
2020-05-07,0.2393368065812161,0.30669431247831347,Random Forest
2020-05-07,0.2393368065812161,0.3436649739742279,XGBoost
2020-05-07,0.2393368065812161,0.3345300853252411,Hybrid GARCH+ML
2020-05-08,0.2359532455195974,0.36502438962357664,Historical Volatility
2020-05-08,0.2359532455195974,0.4893535830680764,GARCH
2020-05-08,0.2359532455195974,0.293796683805448,Random Forest
2020-05-08,0.2359532455195974,0.33678171038627625,XGBoost
2020-05-08,0.2359532455195974,0.3269027769565582,Hybrid GARCH+ML
2020-05-11,0.34214278743623955,0.3642626883545076,Historical Volatility
2020-05-11,0.34214278743623955,0.4893535830680764,GARCH
2020-05-11,0.34214278743623955,0.26998041366162323,Random Forest
2020-05-11,0.34214278743623955,0.30332139134407043,XGBoost
2020-05-11,0.34214278743623955,0.30457204580307007,Hybrid GARCH+ML
2020-05-12,0.34349577930124764,0.3360790039231886,Historical Volatility
2020-05-12,0.34349577930124764,0.4893535830680764,GARCH
2020-05-12,0.34349577930124764,0.2630356509241135,Random Forest
2020-05-12,0.34349577930124764,0.2843466103076935,XGBoost
2020-05-12,0.34349577930124764,0.2950974404811859,Hybrid GARCH+ML
2020-05-13,0.3457810769028576,0.3390155673856107,Historical Volatility
2020-05-13,0.3457810769028576,0.4893535830680764,GARCH
2020-05-13,0.3457810769028576,0.20376983166263896,Random Forest
2020-05-13,0.3457810769028576,0.23331360518932343,XGBoost
2020-05-13,0.3457810769028576,0.24611569941043854,Hybrid GARCH+ML
2020-05-14,0.2940482177334103,0.3520338509569202,Historical Volatility
2020-05-14,0.2940482177334103,0.4893535830680764,GARCH
2020-05-14,0.2940482177334103,0.2517328619297655,Random Forest
2020-05-14,0.2940482177334103,0.27230992913246155,XGBoost
2020-05-14,0.2940482177334103,0.2755371332168579,Hybrid GARCH+ML
2020-05-15,0.29865015610416495,0.35127943905252784,Historical Volatility
2020-05-15,0.29865015610416495,0.4893535830680764,GARCH
2020-05-15,0.29865015610416495,0.24657428498318068,Random Forest
2020-05-15,0.29865015610416495,0.25693392753601074,XGBoost
2020-05-15,0.29865015610416495,0.2595626413822174,Hybrid GARCH+ML
2020-05-18,0.16667096211903276,0.35525239210692294,Historical Volatility
2020-05-18,0.16667096211903276,0.4893535830680764,GARCH
2020-05-18,0.16667096211903276,0.2832264656366453,Random Forest
2020-05-18,0.16667096211903276,0.2921975553035736,XGBoost
2020-05-18,0.16667096211903276,0.2889608144760132,Hybrid GARCH+ML
2020-05-19,0.2734057376884643,0.3565703835463096,Historical Volatility
2020-05-19,0.2734057376884643,0.4893535830680764,GARCH
2020-05-19,0.2734057376884643,0.2797085102572964,Random Forest
2020-05-19,0.2734057376884643,0.3103066384792328,XGBoost
2020-05-19,0.2734057376884643,0.29879072308540344,Hybrid GARCH+ML
2020-05-20,0.2650336816981557,0.3485950853227834,Historical Volatility
2020-05-20,0.2650336816981557,0.3273798970363458,GARCH
2020-05-20,0.2650336816981557,0.2624100867359626,Random Forest
2020-05-20,0.2650336816981557,0.2723941206932068,XGBoost
2020-05-20,0.2650336816981557,0.2839052081108093,Hybrid GARCH+ML
2020-05-21,0.2716447818052476,0.33906915965554124,Historical Volatility
2020-05-21,0.2716447818052476,0.3273798970363458,GARCH
2020-05-21,0.2716447818052476,0.2321347005585339,Random Forest
2020-05-21,0.2716447818052476,0.2525095045566559,XGBoost
2020-05-21,0.2716447818052476,0.24503031373023987,Hybrid GARCH+ML
2020-05-22,0.3215598543135946,0.33565594168582824,Historical Volatility
2020-05-22,0.3215598543135946,0.3273798970363458,GARCH
2020-05-22,0.3215598543135946,0.2456842732363086,Random Forest
2020-05-22,0.3215598543135946,0.26990777254104614,XGBoost
2020-05-22,0.3215598543135946,0.2601206302642822,Hybrid GARCH+ML
2020-05-26,0.339647298993531,0.33044305310348315,Historical Volatility
2020-05-26,0.339647298993531,0.3273798970363458,GARCH
2020-05-26,0.339647298993531,0.22895976957780612,Random Forest
2020-05-26,0.339647298993531,0.23789666593074799,XGBoost
2020-05-26,0.339647298993531,0.23661638796329498,Hybrid GARCH+ML
2020-05-27,0.2641865095961007,0.3458991806685825,Historical Volatility
2020-05-27,0.2641865095961007,0.3273798970363458,GARCH
2020-05-27,0.2641865095961007,0.19978961902855352,Random Forest
2020-05-27,0.2641865095961007,0.2171574980020523,XGBoost
2020-05-27,0.2641865095961007,0.23696143925189972,Hybrid GARCH+ML
2020-05-28,0.22984926811396145,0.35026753569606145,Historical Volatility
2020-05-28,0.22984926811396145,0.3273798970363458,GARCH
2020-05-28,0.22984926811396145,0.19904034348990735,Random Forest
2020-05-28,0.22984926811396145,0.22112111747264862,XGBoost
2020-05-28,0.22984926811396145,0.24099327623844147,Hybrid GARCH+ML
2020-05-29,0.2337800421276126,0.34576977218763927,Historical Volatility
2020-05-29,0.2337800421276126,0.3273798970363458,GARCH
2020-05-29,0.2337800421276126,0.19306367991291165,Random Forest
2020-05-29,0.2337800421276126,0.20775210857391357,XGBoost
2020-05-29,0.2337800421276126,0.22605165839195251,Hybrid GARCH+ML
2020-06-01,0.15035800501234062,0.33887863963197834,Historical Volatility
2020-06-01,0.15035800501234062,0.3273798970363458,GARCH
2020-06-01,0.15035800501234062,0.19267195799365391,Random Forest
2020-06-01,0.15035800501234062,0.18981723487377167,XGBoost
2020-06-01,0.15035800501234062,0.2085847705602646,Hybrid GARCH+ML
2020-06-02,0.13335516150374238,0.26120843718915177,Historical Volatility
2020-06-02,0.13335516150374238,0.3273798970363458,GARCH
2020-06-02,0.13335516150374238,0.18902662794910885,Random Forest
2020-06-02,0.13335516150374238,0.1789650022983551,XGBoost
2020-06-02,0.13335516150374238,0.19021853804588318,Hybrid GARCH+ML
2020-06-03,0.1294857012206903,0.25699722059242674,Historical Volatility
2020-06-03,0.1294857012206903,0.3273798970363458,GARCH
2020-06-03,0.1294857012206903,0.1947907185072019,Random Forest
2020-06-03,0.1294857012206903,0.1877295821905136,XGBoost
2020-06-03,0.1294857012206903,0.19200550019741058,Hybrid GARCH+ML
2020-06-04,0.19827785166138143,0.2582003474945407,Historical Volatility
2020-06-04,0.19827785166138143,0.3273798970363458,GARCH
2020-06-04,0.19827785166138143,0.17111093368493857,Random Forest
2020-06-04,0.19827785166138143,0.16549010574817657,XGBoost
2020-06-04,0.19827785166138143,0.1707124263048172,Hybrid GARCH+ML
2020-06-05,0.18853932267142262,0.25556213371858966,Historical Volatility
2020-06-05,0.18853932267142262,0.3273798970363458,GARCH
2020-06-05,0.18853932267142262,0.18778522765056582,Random Forest
2020-06-05,0.18853932267142262,0.1905827820301056,XGBoost
2020-06-05,0.18853932267142262,0.1937394142150879,Hybrid GARCH+ML
2020-06-08,0.21973972221177998,0.25568007956001565,Historical Volatility
2020-06-08,0.21973972221177998,0.3273798970363458,GARCH
2020-06-08,0.21973972221177998,0.20047998847113002,Random Forest
2020-06-08,0.21973972221177998,0.19686779379844666,XGBoost
2020-06-08,0.21973972221177998,0.20505186915397644,Hybrid GARCH+ML
2020-06-09,0.21516730378008372,0.26172253681627256,Historical Volatility
2020-06-09,0.21516730378008372,0.3273798970363458,GARCH
2020-06-09,0.21516730378008372,0.19026057621279643,Random Forest
2020-06-09,0.21516730378008372,0.20935320854187012,XGBoost
2020-06-09,0.21516730378008372,0.22621749341487885,Hybrid GARCH+ML
2020-06-10,0.2108479032432681,0.2597630158644905,Historical Volatility
2020-06-10,0.2108479032432681,0.3273798970363458,GARCH
2020-06-10,0.2108479032432681,0.18867100977626872,Random Forest
2020-06-10,0.2108479032432681,0.2066040188074112,XGBoost
2020-06-10,0.2108479032432681,0.21376198530197144,Hybrid GARCH+ML
2020-06-11,0.20923247203865483,0.2688494026487263,Historical Volatility
2020-06-11,0.20923247203865483,0.3273798970363458,GARCH
2020-06-11,0.20923247203865483,0.17556341582467755,Random Forest
2020-06-11,0.20923247203865483,0.18158544600009918,XGBoost
2020-06-11,0.20923247203865483,0.1703350692987442,Hybrid GARCH+ML
2020-06-12,0.22931914291191388,0.24677972527797515,Historical Volatility
2020-06-12,0.22931914291191388,0.3273798970363458,GARCH
2020-06-12,0.22931914291191388,0.19987543610757608,Random Forest
2020-06-12,0.22931914291191388,0.22216641902923584,XGBoost
2020-06-12,0.22931914291191388,0.22473931312561035,Hybrid GARCH+ML
2020-06-15,0.20412005989073823,0.25681035531898033,Historical Volatility
2020-06-15,0.20412005989073823,0.3273798970363458,GARCH
2020-06-15,0.20412005989073823,0.19599587656426107,Random Forest
2020-06-15,0.20412005989073823,0.213385209441185,XGBoost
2020-06-15,0.20412005989073823,0.20326606929302216,Hybrid GARCH+ML
2020-06-16,0.21994029042218022,0.2133591957981922,Historical Volatility
2020-06-16,0.21994029042218022,0.3273798970363458,GARCH
2020-06-16,0.21994029042218022,0.1983051055756935,Random Forest
2020-06-16,0.21994029042218022,0.21170414984226227,XGBoost
2020-06-16,0.21994029042218022,0.2153363972902298,Hybrid GARCH+ML
2020-06-17,0.24625678737732384,0.21579443590210548,Historical Volatility
2020-06-17,0.24625678737732384,0.3273798970363458,GARCH
2020-06-17,0.24625678737732384,0.194407138439047,Random Forest
2020-06-17,0.24625678737732384,0.21167711913585663,XGBoost
2020-06-17,0.24625678737732384,0.20351243019104004,Hybrid GARCH+ML
2020-06-18,0.19589627812304028,0.2159748291831484,Historical Volatility
2020-06-18,0.19589627812304028,0.21370627460687444,GARCH
2020-06-18,0.19589627812304028,0.2026493704308362,Random Forest
2020-06-18,0.19589627812304028,0.20887994766235352,XGBoost
2020-06-18,0.19589627812304028,0.20600931346416473,Hybrid GARCH+ML
2020-06-19,0.1765735102342342,0.21862390071494173,Historical Volatility
2020-06-19,0.1765735102342342,0.21370627460687444,GARCH
2020-06-19,0.1765735102342342,0.20462358258286745,Random Forest
2020-06-19,0.1765735102342342,0.21559423208236694,XGBoost
2020-06-19,0.1765735102342342,0.21813614666461945,Hybrid GARCH+ML
2020-06-22,0.17718715733317283,0.2129244307705338,Historical Volatility
2020-06-22,0.17718715733317283,0.21370627460687444,GARCH
2020-06-22,0.17718715733317283,0.19897650056583416,Random Forest
2020-06-22,0.17718715733317283,0.21581509709358215,XGBoost
2020-06-22,0.17718715733317283,0.21431194245815277,Hybrid GARCH+ML
2020-06-23,0.1397340426386799,0.2130575076560911,Historical Volatility
2020-06-23,0.1397340426386799,0.21370627460687444,GARCH
2020-06-23,0.1397340426386799,0.18705302450113784,Random Forest
2020-06-23,0.1397340426386799,0.2073955237865448,XGBoost
2020-06-23,0.1397340426386799,0.21265333890914917,Hybrid GARCH+ML
2020-06-24,0.11991903036731445,0.20896651300310684,Historical Volatility
2020-06-24,0.11991903036731445,0.21370627460687444,GARCH
2020-06-24,0.11991903036731445,0.18942193367770127,Random Forest
2020-06-24,0.11991903036731445,0.19389930367469788,XGBoost
2020-06-24,0.11991903036731445,0.1939954161643982,Hybrid GARCH+ML
2020-06-25,0.1450166750406303,0.20380553743977248,Historical Volatility
2020-06-25,0.1450166750406303,0.21370627460687444,GARCH
2020-06-25,0.1450166750406303,0.19245106501490306,Random Forest
2020-06-25,0.1450166750406303,0.20981630682945251,XGBoost
2020-06-25,0.1450166750406303,0.20587478578090668,Hybrid GARCH+ML
2020-06-26,0.13508106575880569,0.20368400497371328,Historical Volatility
2020-06-26,0.13508106575880569,0.21370627460687444,GARCH
2020-06-26,0.13508106575880569,0.18842949911460277,Random Forest
2020-06-26,0.13508106575880569,0.20294539630413055,XGBoost
2020-06-26,0.13508106575880569,0.20417064428329468,Hybrid GARCH+ML
2020-06-29,0.16335464452611853,0.19061846407845717,Historical Volatility
2020-06-29,0.16335464452611853,0.21370627460687444,GARCH
2020-06-29,0.16335464452611853,0.18938901899676922,Random Forest
2020-06-29,0.16335464452611853,0.20563939213752747,XGBoost
2020-06-29,0.16335464452611853,0.20442193746566772,Hybrid GARCH+ML
2020-06-30,0.16491304359755138,0.18454979210548358,Historical Volatility
2020-06-30,0.16491304359755138,0.21370627460687444,GARCH
2020-06-30,0.16491304359755138,0.19013140793121175,Random Forest
2020-06-30,0.16491304359755138,0.2025393843650818,XGBoost
2020-06-30,0.16491304359755138,0.20930789411067963,Hybrid GARCH+ML
2020-07-01,0.15284326974899548,0.18707296290097014,Historical Volatility
2020-07-01,0.15284326974899548,0.21370627460687444,GARCH
2020-07-01,0.15284326974899548,0.1808237460707835,Random Forest
2020-07-01,0.15284326974899548,0.19224263727664948,XGBoost
2020-07-01,0.15284326974899548,0.19884581863880157,Hybrid GARCH+ML
2020-07-02,0.1470843839680825,0.18917778341197822,Historical Volatility
2020-07-02,0.1470843839680825,0.21370627460687444,GARCH
2020-07-02,0.1470843839680825,0.175136365902968,Random Forest
2020-07-02,0.1470843839680825,0.1710190623998642,XGBoost
2020-07-02,0.1470843839680825,0.1808452010154724,Hybrid GARCH+ML
2020-07-03,0.1453666983796583,0.18672458533416472,Historical Volatility
2020-07-03,0.1453666983796583,0.21370627460687444,GARCH
2020-07-03,0.1453666983796583,0.17524618279584483,Random Forest
2020-07-03,0.1453666983796583,0.1716831922531128,XGBoost
2020-07-03,0.1453666983796583,0.18239103257656097,Hybrid GARCH+ML
2020-07-06,0.10424833906174336,0.19183867401124866,Historical Volatility
2020-07-06,0.10424833906174336,0.21370627460687444,GARCH
2020-07-06,0.10424833906174336,0.1568327545217487,Random Forest
2020-07-06,0.10424833906174336,0.15754595398902893,XGBoost
2020-07-06,0.10424833906174336,0.17144079506397247,Hybrid GARCH+ML
2020-07-07,0.16459137028433188,0.183696791223149,Historical Volatility
2020-07-07,0.16459137028433188,0.21370627460687444,GARCH
2020-07-07,0.16459137028433188,0.15675461394610163,Random Forest
2020-07-07,0.16459137028433188,0.15630368888378143,XGBoost
2020-07-07,0.16459137028433188,0.16628120839595795,Hybrid GARCH+ML
2020-07-08,0.15264149008357739,0.18831264197781653,Historical Volatility
2020-07-08,0.15264149008357739,0.21370627460687444,GARCH
2020-07-08,0.15264149008357739,0.15598291789642788,Random Forest
2020-07-08,0.15264149008357739,0.1717292070388794,XGBoost
2020-07-08,0.15264149008357739,0.18588724732398987,Hybrid GARCH+ML
2020-07-09,0.15748212379136503,0.16644771412535322,Historical Volatility
2020-07-09,0.15748212379136503,0.21370627460687444,GARCH
2020-07-09,0.15748212379136503,0.15643514537279468,Random Forest
2020-07-09,0.15748212379136503,0.16151727735996246,XGBoost
2020-07-09,0.15748212379136503,0.1739320009946823,Hybrid GARCH+ML
2020-07-10,0.1875377914516127,0.16883061003131972,Historical Volatility
2020-07-10,0.1875377914516127,0.21370627460687444,GARCH
2020-07-10,0.1875377914516127,0.15655058483119574,Random Forest
2020-07-10,0.1875377914516127,0.1681629717350006,XGBoost
2020-07-10,0.1875377914516127,0.17113202810287476,Hybrid GARCH+ML
2020-07-13,0.2018427649251952,0.1516404396230638,Historical Volatility
2020-07-13,0.2018427649251952,0.21370627460687444,GARCH
2020-07-13,0.2018427649251952,0.15813365032677507,Random Forest
2020-07-13,0.2018427649251952,0.16705216467380524,XGBoost
2020-07-13,0.2018427649251952,0.17142049968242645,Hybrid GARCH+ML
2020-07-14,0.17885941786991386,0.1706569623821115,Historical Volatility
2020-07-14,0.17885941786991386,0.21370627460687444,GARCH
2020-07-14,0.17885941786991386,0.1565696228707266,Random Forest
2020-07-14,0.17885941786991386,0.1597822606563568,XGBoost
2020-07-14,0.17885941786991386,0.164567232131958,Hybrid GARCH+ML
2020-07-15,0.1797069160125273,0.16908526318229333,Historical Volatility
2020-07-15,0.1797069160125273,0.21370627460687444,GARCH
2020-07-15,0.1797069160125273,0.1562281130258477,Random Forest
2020-07-15,0.1797069160125273,0.16413895785808563,XGBoost
2020-07-15,0.1797069160125273,0.17631249129772186,Hybrid GARCH+ML
2020-07-16,0.16886189135696872,0.1590023836102408,Historical Volatility
2020-07-16,0.16886189135696872,0.16728086005875129,GARCH
2020-07-16,0.16886189135696872,0.15661518688501114,Random Forest
2020-07-16,0.16886189135696872,0.15815217792987823,XGBoost
2020-07-16,0.16886189135696872,0.17287805676460266,Hybrid GARCH+ML
2020-07-17,0.13203973256037954,0.15892851653289133,Historical Volatility
2020-07-17,0.13203973256037954,0.16728086005875129,GARCH
2020-07-17,0.13203973256037954,0.15787752459177173,Random Forest
2020-07-17,0.13203973256037954,0.15807175636291504,XGBoost
2020-07-17,0.13203973256037954,0.17000840604305267,Hybrid GARCH+ML
2020-07-20,0.11365109572128265,0.16098669330532428,Historical Volatility
2020-07-20,0.11365109572128265,0.16728086005875129,GARCH
2020-07-20,0.11365109572128265,0.1615374943670706,Random Forest
2020-07-20,0.11365109572128265,0.15039634704589844,XGBoost
2020-07-20,0.11365109572128265,0.16503509879112244,Hybrid GARCH+ML
2020-07-21,0.1276354219925273,0.1585329208184642,Historical Volatility
2020-07-21,0.1276354219925273,0.16728086005875129,GARCH
2020-07-21,0.1276354219925273,0.15549991899630247,Random Forest
2020-07-21,0.1276354219925273,0.14778795838356018,XGBoost
2020-07-21,0.1276354219925273,0.15319402515888214,Hybrid GARCH+ML
2020-07-22,0.14047880200050705,0.14355385340296592,Historical Volatility
2020-07-22,0.14047880200050705,0.16728086005875129,GARCH
2020-07-22,0.14047880200050705,0.15971748581898068,Random Forest
2020-07-22,0.14047880200050705,0.16827082633972168,XGBoost
2020-07-22,0.14047880200050705,0.16695250570774078,Hybrid GARCH+ML
2020-07-23,0.14516391408424062,0.14257254015562976,Historical Volatility
2020-07-23,0.14516391408424062,0.16728086005875129,GARCH
2020-07-23,0.14516391408424062,0.15288269097102336,Random Forest
2020-07-23,0.14516391408424062,0.13848993182182312,XGBoost
2020-07-23,0.14516391408424062,0.14619773626327515,Hybrid GARCH+ML
2020-07-24,0.14569872597385383,0.14301677683190453,Historical Volatility
2020-07-24,0.14569872597385383,0.16728086005875129,GARCH
2020-07-24,0.14569872597385383,0.1603133375355496,Random Forest
2020-07-24,0.14569872597385383,0.15153095126152039,XGBoost
2020-07-24,0.14569872597385383,0.16201362013816833,Hybrid GARCH+ML
2020-07-27,0.1829609598673623,0.14186516284172376,Historical Volatility
2020-07-27,0.1829609598673623,0.16728086005875129,GARCH
2020-07-27,0.1829609598673623,0.16199257169005027,Random Forest
2020-07-27,0.1829609598673623,0.1500633955001831,XGBoost
2020-07-27,0.1829609598673623,0.15960879623889923,Hybrid GARCH+ML
2020-07-28,0.19839946207830164,0.14600348518135858,Historical Volatility
2020-07-28,0.19839946207830164,0.16728086005875129,GARCH
2020-07-28,0.19839946207830164,0.15064131507747924,Random Forest
2020-07-28,0.19839946207830164,0.16375213861465454,XGBoost
2020-07-28,0.19839946207830164,0.16879016160964966,Hybrid GARCH+ML
2020-07-29,0.18862408932799332,0.15027582425977598,Historical Volatility
2020-07-29,0.18862408932799332,0.16728086005875129,GARCH
2020-07-29,0.18862408932799332,0.15390309155279344,Random Forest
2020-07-29,0.18862408932799332,0.18198686838150024,XGBoost
2020-07-29,0.18862408932799332,0.18057578802108765,Hybrid GARCH+ML
2020-07-30,0.18815592610790802,0.15347282428873527,Historical Volatility
2020-07-30,0.18815592610790802,0.16728086005875129,GARCH
2020-07-30,0.18815592610790802,0.15527900912214357,Random Forest
2020-07-30,0.18815592610790802,0.1680888831615448,XGBoost
2020-07-30,0.18815592610790802,0.17330798506736755,Hybrid GARCH+ML
2020-07-31,0.18746331141478476,0.15415672635213762,Historical Volatility
2020-07-31,0.18746331141478476,0.16728086005875129,GARCH
2020-07-31,0.18746331141478476,0.15397600098287748,Random Forest
2020-07-31,0.18746331141478476,0.1676480621099472,XGBoost
2020-07-31,0.18746331141478476,0.1710907369852066,Hybrid GARCH+ML
2020-08-03,0.1502618191344992,0.1603020193461876,Historical Volatility
2020-08-03,0.1502618191344992,0.16728086005875129,GARCH
2020-08-03,0.1502618191344992,0.15390259081474766,Random Forest
2020-08-03,0.1502618191344992,0.15964171290397644,XGBoost
2020-08-03,0.1502618191344992,0.18376728892326355,Hybrid GARCH+ML
2020-08-04,0.07977745208937971,0.17236484052257,Historical Volatility
2020-08-04,0.07977745208937971,0.16728086005875129,GARCH
2020-08-04,0.07977745208937971,0.15161480429791063,Random Forest
2020-08-04,0.07977745208937971,0.16034895181655884,XGBoost
2020-08-04,0.07977745208937971,0.1737259328365326,Hybrid GARCH+ML
2020-08-05,0.08016191837017014,0.1682607781010356,Historical Volatility
2020-08-05,0.08016191837017014,0.16728086005875129,GARCH
2020-08-05,0.08016191837017014,0.1563274786509083,Random Forest
2020-08-05,0.08016191837017014,0.15977360308170319,XGBoost
2020-08-05,0.08016191837017014,0.1731434017419815,Hybrid GARCH+ML
2020-08-06,0.05018146849497448,0.16755129143586628,Historical Volatility
2020-08-06,0.05018146849497448,0.16728086005875129,GARCH
2020-08-06,0.05018146849497448,0.15506909301616906,Random Forest
2020-08-06,0.05018146849497448,0.14482545852661133,XGBoost
2020-08-06,0.05018146849497448,0.1605466604232788,Hybrid GARCH+ML
2020-08-07,0.0915637474514222,0.1660888505544514,Historical Volatility
2020-08-07,0.0915637474514222,0.16728086005875129,GARCH
2020-08-07,0.0915637474514222,0.15447008214356597,Random Forest
2020-08-07,0.0915637474514222,0.14547787606716156,XGBoost
2020-08-07,0.0915637474514222,0.16025657951831818,Hybrid GARCH+ML
2020-08-10,0.09497789300651577,0.1663764420936708,Historical Volatility
2020-08-10,0.09497789300651577,0.16728086005875129,GARCH
2020-08-10,0.09497789300651577,0.1541955073442742,Random Forest
2020-08-10,0.09497789300651577,0.14985956251621246,XGBoost
2020-08-10,0.09497789300651577,0.16653630137443542,Hybrid GARCH+ML
2020-08-11,0.12434233910517531,0.14804066035265093,Historical Volatility
2020-08-11,0.12434233910517531,0.16728086005875129,GARCH
2020-08-11,0.12434233910517531,0.15674374190904897,Random Forest
2020-08-11,0.12434233910517531,0.16133245825767517,XGBoost
2020-08-11,0.12434233910517531,0.1610340178012848,Hybrid GARCH+ML
2020-08-12,0.12485566340982471,0.1487133303804634,Historical Volatility
2020-08-12,0.12485566340982471,0.16728086005875129,GARCH
2020-08-12,0.12485566340982471,0.15495816962958558,Random Forest
2020-08-12,0.12485566340982471,0.14942587912082672,XGBoost
2020-08-12,0.12485566340982471,0.15725575387477875,Hybrid GARCH+ML
2020-08-13,0.13848528399077673,0.14598670032929986,Historical Volatility
2020-08-13,0.13848528399077673,0.14714902252424955,GARCH
2020-08-13,0.13848528399077673,0.14616131430544807,Random Forest
2020-08-13,0.13848528399077673,0.13619475066661835,XGBoost
2020-08-13,0.13848528399077673,0.15652215480804443,Hybrid GARCH+ML
2020-08-14,0.12090195441961661,0.14564364393838303,Historical Volatility
2020-08-14,0.12090195441961661,0.14714902252424955,GARCH
2020-08-14,0.12090195441961661,0.14524066726902837,Random Forest
2020-08-14,0.12090195441961661,0.14813242852687836,XGBoost
2020-08-14,0.12090195441961661,0.16534367203712463,Hybrid GARCH+ML
2020-08-17,0.1272899953252993,0.1423141037625993,Historical Volatility
2020-08-17,0.1272899953252993,0.14714902252424955,GARCH
2020-08-17,0.1272899953252993,0.14436505878869033,Random Forest
2020-08-17,0.1272899953252993,0.13975819945335388,XGBoost
2020-08-17,0.1272899953252993,0.1560191959142685,Hybrid GARCH+ML
2020-08-18,0.09323637441174702,0.14187807752004283,Historical Volatility
2020-08-18,0.09323637441174702,0.14714902252424955,GARCH
2020-08-18,0.09323637441174702,0.14279756553714232,Random Forest
2020-08-18,0.09323637441174702,0.13478796184062958,XGBoost
2020-08-18,0.09323637441174702,0.1470782309770584,Hybrid GARCH+ML
2020-08-19,0.10374307524081004,0.14125285724962985,Historical Volatility
2020-08-19,0.10374307524081004,0.14714902252424955,GARCH
2020-08-19,0.10374307524081004,0.14327433207683823,Random Forest
2020-08-19,0.10374307524081004,0.13399063050746918,XGBoost
2020-08-19,0.10374307524081004,0.1488572061061859,Hybrid GARCH+ML
2020-08-20,0.08475622883699771,0.14325689466275954,Historical Volatility
2020-08-20,0.08475622883699771,0.14714902252424955,GARCH
2020-08-20,0.08475622883699771,0.14622107963031528,Random Forest
2020-08-20,0.08475622883699771,0.14375729858875275,XGBoost
2020-08-20,0.08475622883699771,0.16016404330730438,Hybrid GARCH+ML
2020-08-21,0.09339800616057467,0.1439558332524953,Historical Volatility
2020-08-21,0.09339800616057467,0.14714902252424955,GARCH
2020-08-21,0.09339800616057467,0.14456307245615263,Random Forest
2020-08-21,0.09339800616057467,0.14459273219108582,XGBoost
2020-08-21,0.09339800616057467,0.15888281166553497,Hybrid GARCH+ML
2020-08-24,0.17592981545671474,0.14424579840012416,Historical Volatility
2020-08-24,0.17592981545671474,0.14714902252424955,GARCH
2020-08-24,0.17592981545671474,0.14377967096505542,Random Forest
2020-08-24,0.17592981545671474,0.14318805932998657,XGBoost
2020-08-24,0.17592981545671474,0.15351922810077667,Hybrid GARCH+ML
2020-08-25,0.183250096968379,0.1350514387379439,Historical Volatility
2020-08-25,0.183250096968379,0.14714902252424955,GARCH
2020-08-25,0.183250096968379,0.14301039856113185,Random Forest
2020-08-25,0.183250096968379,0.13504675030708313,XGBoost
2020-08-25,0.183250096968379,0.14965832233428955,Hybrid GARCH+ML
2020-08-26,0.18138872967450168,0.13180426804598547,Historical Volatility
2020-08-26,0.18138872967450168,0.14714902252424955,GARCH
2020-08-26,0.18138872967450168,0.12907824202541027,Random Forest
2020-08-26,0.18138872967450168,0.11904465407133102,XGBoost
2020-08-26,0.18138872967450168,0.12963078916072845,Hybrid GARCH+ML
2020-08-27,0.1813513665007342,0.12584486332691236,Historical Volatility
2020-08-27,0.1813513665007342,0.14714902252424955,GARCH
2020-08-27,0.1813513665007342,0.11931815659991146,Random Forest
2020-08-27,0.1813513665007342,0.11220987886190414,XGBoost
2020-08-27,0.1813513665007342,0.12162895500659943,Hybrid GARCH+ML
2020-08-28,0.21077205925930761,0.1261031168257092,Historical Volatility
2020-08-28,0.21077205925930761,0.14714902252424955,GARCH
2020-08-28,0.21077205925930761,0.1120101922336467,Random Forest
2020-08-28,0.21077205925930761,0.10847172886133194,XGBoost
2020-08-28,0.21077205925930761,0.11953288316726685,Hybrid GARCH+ML
2020-08-31,0.13746031453436944,0.13931953286835938,Historical Volatility
2020-08-31,0.13746031453436944,0.14714902252424955,GARCH
2020-08-31,0.13746031453436944,0.1427436693259993,Random Forest
2020-08-31,0.13746031453436944,0.13227638602256775,XGBoost
2020-08-31,0.13746031453436944,0.14361058175563812,Hybrid GARCH+ML
2020-09-01,0.12965559561703444,0.12702548168178354,Historical Volatility
2020-09-01,0.12965559561703444,0.14714902252424955,GARCH
2020-09-01,0.12965559561703444,0.13641679829156936,Random Forest
2020-09-01,0.12965559561703444,0.1322910189628601,XGBoost
2020-09-01,0.12965559561703444,0.1389455646276474,Hybrid GARCH+ML
2020-09-02,0.1257972016123177,0.12771712855590797,Historical Volatility
2020-09-02,0.1257972016123177,0.14714902252424955,GARCH
2020-09-02,0.1257972016123177,0.13077948026087755,Random Forest
2020-09-02,0.1257972016123177,0.12526771426200867,XGBoost
2020-09-02,0.1257972016123177,0.13400258123874664,Hybrid GARCH+ML
2020-09-03,0.16507535917792082,0.12531804452506523,Historical Volatility
2020-09-03,0.16507535917792082,0.14714902252424955,GARCH
2020-09-03,0.16507535917792082,0.13208095302760917,Random Forest
2020-09-03,0.16507535917792082,0.12816499173641205,XGBoost
2020-09-03,0.16507535917792082,0.13771021366119385,Hybrid GARCH+ML
2020-09-04,0.11349054811324855,0.14129541123161624,Historical Volatility
2020-09-04,0.11349054811324855,0.14714902252424955,GARCH
2020-09-04,0.11349054811324855,0.13536398261725555,Random Forest
2020-09-04,0.11349054811324855,0.13669736683368683,XGBoost
2020-09-04,0.11349054811324855,0.14634208381175995,Hybrid GARCH+ML
2020-09-07,0.11372284283873434,0.14042065209189525,Historical Volatility
2020-09-07,0.11372284283873434,0.14714902252424955,GARCH
2020-09-07,0.11372284283873434,0.13443822161264177,Random Forest
2020-09-07,0.11372284283873434,0.1326984316110611,XGBoost
2020-09-07,0.11372284283873434,0.14656773209571838,Hybrid GARCH+ML
2020-09-08,0.12219184334642173,0.14006078441142625,Historical Volatility
2020-09-08,0.12219184334642173,0.14714902252424955,GARCH
2020-09-08,0.12219184334642173,0.13618806450666476,Random Forest
2020-09-08,0.12219184334642173,0.14128097891807556,XGBoost
2020-09-08,0.12219184334642173,0.15648038685321808,Hybrid GARCH+ML
2020-09-09,0.1300023119752019,0.14054415722977506,Historical Volatility
2020-09-09,0.1300023119752019,0.14714902252424955,GARCH
2020-09-09,0.1300023119752019,0.13478788717582285,Random Forest
2020-09-09,0.1300023119752019,0.1376991719007492,XGBoost
2020-09-09,0.1300023119752019,0.14727340638637543,Hybrid GARCH+ML
2020-09-10,0.09167625351947215,0.15049806551538028,Historical Volatility
2020-09-10,0.09167625351947215,0.14521630836726726,GARCH
2020-09-10,0.09167625351947215,0.1313662820693542,Random Forest
2020-09-10,0.09167625351947215,0.12953749299049377,XGBoost
2020-09-10,0.09167625351947215,0.13756419718265533,Hybrid GARCH+ML
2020-09-11,0.09145002705135859,0.14421889435212587,Historical Volatility
2020-09-11,0.09145002705135859,0.14521630836726726,GARCH
2020-09-11,0.09145002705135859,0.1312658823647596,Random Forest
2020-09-11,0.09145002705135859,0.127984881401062,XGBoost
2020-09-11,0.09145002705135859,0.1376936137676239,Hybrid GARCH+ML
2020-09-14,0.18257511812356667,0.1435023601754054,Historical Volatility
2020-09-14,0.18257511812356667,0.14521630836726726,GARCH
2020-09-14,0.18257511812356667,0.131200480252466,Random Forest
2020-09-14,0.18257511812356667,0.13789448142051697,XGBoost
2020-09-14,0.18257511812356667,0.14119166135787964,Hybrid GARCH+ML
2020-09-15,0.1858749285007575,0.13922470867680303,Historical Volatility
2020-09-15,0.1858749285007575,0.14521630836726726,GARCH
2020-09-15,0.1858749285007575,0.13055157686545596,Random Forest
2020-09-15,0.1858749285007575,0.1237080991268158,XGBoost
2020-09-15,0.1858749285007575,0.13373906910419464,Hybrid GARCH+ML
2020-09-16,0.17933557372000494,0.14110251678444183,Historical Volatility
2020-09-16,0.17933557372000494,0.14521630836726726,GARCH
2020-09-16,0.17933557372000494,0.13088248362171423,Random Forest
2020-09-16,0.17933557372000494,0.13112536072731018,XGBoost
2020-09-16,0.17933557372000494,0.1351197361946106,Hybrid GARCH+ML
2020-09-17,0.2716970787495366,0.1404149283650979,Historical Volatility
2020-09-17,0.2716970787495366,0.14521630836726726,GARCH
2020-09-17,0.2716970787495366,0.12524441270347028,Random Forest
2020-09-17,0.2716970787495366,0.1333712339401245,XGBoost
2020-09-17,0.2716970787495366,0.13956186175346375,Hybrid GARCH+ML
2020-10-19,0.10627820024300635,0.14284725647283633,Historical Volatility
2020-10-19,0.10627820024300635,0.14521630836726726,GARCH
2020-10-19,0.10627820024300635,0.13766317218362675,Random Forest
2020-10-19,0.10627820024300635,0.13677361607551575,XGBoost
2020-10-19,0.10627820024300635,0.15739810466766357,Hybrid GARCH+ML
2020-10-20,0.1281588461425533,0.140359353698244,Historical Volatility
2020-10-20,0.1281588461425533,0.14521630836726726,GARCH
2020-10-20,0.1281588461425533,0.13819717367792067,Random Forest
2020-10-20,0.1281588461425533,0.15066932141780853,XGBoost
2020-10-20,0.1281588461425533,0.163712278008461,Hybrid GARCH+ML
2020-10-21,0.15830709232169748,0.14066547619420633,Historical Volatility
2020-10-21,0.15830709232169748,0.14521630836726726,GARCH
2020-10-21,0.15830709232169748,0.13819560122393246,Random Forest
2020-10-21,0.15830709232169748,0.1505182534456253,XGBoost
2020-10-21,0.15830709232169748,0.16777050495147705,Hybrid GARCH+ML
2020-10-22,0.16041083134891218,0.13974545741386238,Historical Volatility
2020-10-22,0.16041083134891218,0.14521630836726726,GARCH
2020-10-22,0.16041083134891218,0.14263266168646072,Random Forest
2020-10-22,0.16041083134891218,0.15340209007263184,XGBoost
2020-10-22,0.16041083134891218,0.17350342869758606,Hybrid GARCH+ML
2020-10-23,0.16007097688671595,0.1400063997420686,Historical Volatility
2020-10-23,0.16007097688671595,0.14521630836726726,GARCH
2020-10-23,0.16007097688671595,0.15183914179943644,Random Forest
2020-10-23,0.16007097688671595,0.1523611694574356,XGBoost
2020-10-23,0.16007097688671595,0.1730659306049347,Hybrid GARCH+ML
2020-10-26,0.1280511045577092,0.1460269165264526,Historical Volatility
2020-10-26,0.1280511045577092,0.14521630836726726,GARCH
2020-10-26,0.1280511045577092,0.14159669874521336,Random Forest
2020-10-26,0.1280511045577092,0.1486205756664276,XGBoost
2020-10-26,0.1280511045577092,0.17148089408874512,Hybrid GARCH+ML
2020-10-27,0.1366899556502996,0.12538346990326518,Historical Volatility
2020-10-27,0.1366899556502996,0.14521630836726726,GARCH
2020-10-27,0.1366899556502996,0.1390970951306556,Random Forest
2020-10-27,0.1366899556502996,0.13632835447788239,XGBoost
2020-10-27,0.1366899556502996,0.15724487602710724,Hybrid GARCH+ML
2020-10-28,0.11264430457757647,0.13331652123921992,Historical Volatility
2020-10-28,0.11264430457757647,0.14521630836726726,GARCH
2020-10-28,0.11264430457757647,0.14069777283206822,Random Forest
2020-10-28,0.11264430457757647,0.15438029170036316,XGBoost
2020-10-28,0.11264430457757647,0.16643066704273224,Hybrid GARCH+ML
2020-10-29,0.16455920621757347,0.13277636747130525,Historical Volatility
2020-10-29,0.16455920621757347,0.14521630836726726,GARCH
2020-10-29,0.16455920621757347,0.14098745984958122,Random Forest
2020-10-29,0.16455920621757347,0.16477756202220917,XGBoost
2020-10-29,0.16455920621757347,0.17546981573104858,Hybrid GARCH+ML
2020-10-30,0.18368065699382827,0.13295917107649594,Historical Volatility
2020-10-30,0.18368065699382827,0.14521630836726726,GARCH
2020-10-30,0.18368065699382827,0.1405809927276444,Random Forest
2020-10-30,0.18368065699382827,0.15459607541561127,XGBoost
2020-10-30,0.18368065699382827,0.16857147216796875,Hybrid GARCH+ML
2020-11-02,0.2152611933626195,0.11825671600449573,Historical Volatility
2020-11-02,0.2152611933626195,0.14521630836726726,GARCH
2020-11-02,0.2152611933626195,0.13929016105054132,Random Forest
2020-11-02,0.2152611933626195,0.15025319159030914,XGBoost
2020-11-02,0.2152611933626195,0.16865549981594086,Hybrid GARCH+ML
2020-11-03,0.21904057256378265,0.1255408879040762,Historical Volatility
2020-11-03,0.21904057256378265,0.14521630836726726,GARCH
2020-11-03,0.21904057256378265,0.1381246690203179,Random Forest
2020-11-03,0.21904057256378265,0.14036573469638824,XGBoost
2020-11-03,0.21904057256378265,0.15610797703266144,Hybrid GARCH+ML
2020-11-04,0.22160119043610293,0.12689616768670714,Historical Volatility
2020-11-04,0.22160119043610293,0.14521630836726726,GARCH
2020-11-04,0.22160119043610293,0.13728262741693242,Random Forest
2020-11-04,0.22160119043610293,0.14435628056526184,XGBoost
2020-11-04,0.22160119043610293,0.1647670716047287,Hybrid GARCH+ML
2020-11-05,0.18575193386531597,0.13760525278894448,Historical Volatility
2020-11-05,0.18575193386531597,0.14521630836726726,GARCH
2020-11-05,0.18575193386531597,0.13622677599794586,Random Forest
2020-11-05,0.18575193386531597,0.12527170777320862,XGBoost
2020-11-05,0.18575193386531597,0.1427256166934967,Hybrid GARCH+ML
2020-11-06,0.1667665206965192,0.13405485022248373,Historical Volatility
2020-11-06,0.1667665206965192,0.1501094417474509,GARCH
2020-11-06,0.1667665206965192,0.14203912310989353,Random Forest
2020-11-06,0.1667665206965192,0.13063356280326843,XGBoost
2020-11-06,0.1667665206965192,0.14726872742176056,Hybrid GARCH+ML
2020-11-09,0.14922967164232526,0.14236097076940762,Historical Volatility
2020-11-09,0.14922967164232526,0.1501094417474509,GARCH
2020-11-09,0.14922967164232526,0.14170027154916098,Random Forest
2020-11-09,0.14922967164232526,0.12949000298976898,XGBoost
2020-11-09,0.14922967164232526,0.1363062858581543,Hybrid GARCH+ML
2020-11-10,0.11937934009333445,0.14555482392327126,Historical Volatility
2020-11-10,0.11937934009333445,0.1501094417474509,GARCH
2020-11-10,0.11937934009333445,0.14135506412294307,Random Forest
2020-11-10,0.11937934009333445,0.13126778602600098,XGBoost
2020-11-10,0.11937934009333445,0.13972926139831543,Hybrid GARCH+ML
2020-11-11,0.135462949144336,0.14640006044524295,Historical Volatility
2020-11-11,0.135462949144336,0.1501094417474509,GARCH
2020-11-11,0.135462949144336,0.14212722551130727,Random Forest
2020-11-11,0.135462949144336,0.1321580559015274,XGBoost
2020-11-11,0.135462949144336,0.14106200635433197,Hybrid GARCH+ML
2020-11-12,0.14011106091770414,0.1489574847259117,Historical Volatility
2020-11-12,0.14011106091770414,0.1501094417474509,GARCH
2020-11-12,0.14011106091770414,0.1458051488589924,Random Forest
2020-11-12,0.14011106091770414,0.14236389100551605,XGBoost
2020-11-12,0.14011106091770414,0.1619366705417633,Hybrid GARCH+ML
2020-11-13,0.14402508224206914,0.1432305408284852,Historical Volatility
2020-11-13,0.14402508224206914,0.1501094417474509,GARCH
2020-11-13,0.14402508224206914,0.1440744807737519,Random Forest
2020-11-13,0.14402508224206914,0.13792729377746582,XGBoost
2020-11-13,0.14402508224206914,0.1566881239414215,Hybrid GARCH+ML
2020-11-17,0.1355261773451206,0.1448992242535531,Historical Volatility
2020-11-17,0.1355261773451206,0.1501094417474509,GARCH
2020-11-17,0.1355261773451206,0.14270559593556975,Random Forest
2020-11-17,0.1355261773451206,0.14647172391414642,XGBoost
2020-11-17,0.1355261773451206,0.1565728336572647,Hybrid GARCH+ML
2020-11-18,0.16955270125806227,0.14472510942647954,Historical Volatility
2020-11-18,0.16955270125806227,0.1501094417474509,GARCH
2020-11-18,0.16955270125806227,0.14432538624986807,Random Forest
2020-11-18,0.16955270125806227,0.15545444190502167,XGBoost
2020-11-18,0.16955270125806227,0.1665153056383133,Hybrid GARCH+ML
2020-11-19,0.15899380190829082,0.15703979056358494,Historical Volatility
2020-11-19,0.15899380190829082,0.1501094417474509,GARCH
2020-11-19,0.15899380190829082,0.14454858363437878,Random Forest
2020-11-19,0.15899380190829082,0.14443619549274445,XGBoost
2020-11-19,0.15899380190829082,0.16072924435138702,Hybrid GARCH+ML
2020-11-20,0.15177293779775167,0.15533499587610305,Historical Volatility
2020-11-20,0.15177293779775167,0.1501094417474509,GARCH
2020-11-20,0.15177293779775167,0.14545839797387553,Random Forest
2020-11-20,0.15177293779775167,0.15317034721374512,XGBoost
2020-11-20,0.15177293779775167,0.1682109534740448,Hybrid GARCH+ML
2020-11-23,0.1657597089731456,0.15535262875491151,Historical Volatility
2020-11-23,0.1657597089731456,0.1501094417474509,GARCH
2020-11-23,0.1657597089731456,0.14568684450843547,Random Forest
2020-11-23,0.1657597089731456,0.14918535947799683,XGBoost
2020-11-23,0.1657597089731456,0.167621448636055,Hybrid GARCH+ML
2020-11-24,0.15011981632336854,0.1416159210163878,Historical Volatility
2020-11-24,0.15011981632336854,0.1501094417474509,GARCH
2020-11-24,0.15011981632336854,0.1489267816310666,Random Forest
2020-11-24,0.15011981632336854,0.1426256000995636,XGBoost
2020-11-24,0.15011981632336854,0.15054506063461304,Hybrid GARCH+ML
2020-11-25,0.10503676893568926,0.15744076856431852,Historical Volatility
2020-11-25,0.10503676893568926,0.1501094417474509,GARCH
2020-11-25,0.10503676893568926,0.14653686406678113,Random Forest
2020-11-25,0.10503676893568926,0.1443224996328354,XGBoost
2020-11-25,0.10503676893568926,0.15676572918891907,Hybrid GARCH+ML
2020-11-26,0.10265675613372316,0.1444523221705404,Historical Volatility
2020-11-26,0.10265675613372316,0.1501094417474509,GARCH
2020-11-26,0.10265675613372316,0.14912218538327685,Random Forest
2020-11-26,0.10265675613372316,0.14855247735977173,XGBoost
2020-11-26,0.10265675613372316,0.15738652646541595,Hybrid GARCH+ML
2020-11-27,0.11458606946707378,0.14162440125395503,Historical Volatility
2020-11-27,0.11458606946707378,0.1501094417474509,GARCH
2020-11-27,0.11458606946707378,0.1303684747457293,Random Forest
2020-11-27,0.11458606946707378,0.12237196415662766,XGBoost
2020-11-27,0.11458606946707378,0.12843497097492218,Hybrid GARCH+ML
2020-12-01,0.0877565493517109,0.13982464720601356,Historical Volatility
2020-12-01,0.0877565493517109,0.1501094417474509,GARCH
2020-12-01,0.0877565493517109,0.13287953792657084,Random Forest
2020-12-01,0.0877565493517109,0.11072799563407898,XGBoost
2020-12-01,0.0877565493517109,0.12007487565279007,Hybrid GARCH+ML
2020-12-02,0.11336110012565052,0.14065928642339723,Historical Volatility
2020-12-02,0.11336110012565052,0.1501094417474509,GARCH
2020-12-02,0.11336110012565052,0.12956390040588622,Random Forest
2020-12-02,0.11336110012565052,0.11938033252954483,XGBoost
2020-12-02,0.11336110012565052,0.12668466567993164,Hybrid GARCH+ML
2020-12-03,0.11595337936032678,0.13928484574122663,Historical Volatility
2020-12-03,0.11595337936032678,0.1501094417474509,GARCH
2020-12-03,0.11595337936032678,0.12922697445544618,Random Forest
2020-12-03,0.11595337936032678,0.11817837506532669,XGBoost
2020-12-03,0.11595337936032678,0.13547836244106293,Hybrid GARCH+ML
2020-12-04,0.0964257859399472,0.13974832260366438,Historical Volatility
2020-12-04,0.0964257859399472,0.1501094417474509,GARCH
2020-12-04,0.0964257859399472,0.1290833351837832,Random Forest
2020-12-04,0.0964257859399472,0.11539096385240555,XGBoost
2020-12-04,0.0964257859399472,0.12671707570552826,Hybrid GARCH+ML
2020-12-07,0.0845501887647906,0.13234452052030057,Historical Volatility
2020-12-07,0.0845501887647906,0.1501094417474509,GARCH
2020-12-07,0.0845501887647906,0.1290458407487133,Random Forest
2020-12-07,0.0845501887647906,0.11729985475540161,XGBoost
2020-12-07,0.0845501887647906,0.1300676017999649,Hybrid GARCH+ML
2020-12-08,0.08236861340209875,0.12995328177373117,Historical Volatility
2020-12-08,0.08236861340209875,0.14145197894690867,GARCH
2020-12-08,0.08236861340209875,0.12107453440199359,Random Forest
2020-12-08,0.08236861340209875,0.11185921728610992,XGBoost
2020-12-08,0.08236861340209875,0.12874901294708252,Hybrid GARCH+ML
2020-12-09,0.07217786548674435,0.12458535935880995,Historical Volatility
2020-12-09,0.07217786548674435,0.14145197894690867,GARCH
2020-12-09,0.07217786548674435,0.12139306448404348,Random Forest
2020-12-09,0.07217786548674435,0.10907763242721558,XGBoost
2020-12-09,0.07217786548674435,0.12185205519199371,Hybrid GARCH+ML
2020-12-10,0.07347224070022303,0.12232074080227408,Historical Volatility
2020-12-10,0.07347224070022303,0.14145197894690867,GARCH
2020-12-10,0.07347224070022303,0.11887069541251216,Random Forest
2020-12-10,0.07347224070022303,0.11172304302453995,XGBoost
2020-12-10,0.07347224070022303,0.12365475296974182,Hybrid GARCH+ML
2020-12-11,0.07178787187831921,0.120213559599926,Historical Volatility
2020-12-11,0.07178787187831921,0.14145197894690867,GARCH
2020-12-11,0.07178787187831921,0.11823579316196486,Random Forest
2020-12-11,0.07178787187831921,0.10883268713951111,XGBoost
2020-12-11,0.07178787187831921,0.12084099650382996,Hybrid GARCH+ML
2020-12-14,0.23649323312337367,0.11690178801181732,Historical Volatility
2020-12-14,0.23649323312337367,0.14145197894690867,GARCH
2020-12-14,0.23649323312337367,0.11839622538873201,Random Forest
2020-12-14,0.23649323312337367,0.10728058964014053,XGBoost
2020-12-14,0.23649323312337367,0.11709338426589966,Hybrid GARCH+ML
2020-12-15,0.24747338778957245,0.1172169394176141,Historical Volatility
2020-12-15,0.24747338778957245,0.14145197894690867,GARCH
2020-12-15,0.24747338778957245,0.11856476386668632,Random Forest
2020-12-15,0.24747338778957245,0.10815387964248657,XGBoost
2020-12-15,0.24747338778957245,0.11808683723211288,Hybrid GARCH+ML
2020-12-16,0.25032412896746,0.11426579389244315,Historical Volatility
2020-12-16,0.25032412896746,0.14145197894690867,GARCH
2020-12-16,0.25032412896746,0.10881771193523836,Random Forest
2020-12-16,0.25032412896746,0.10259361565113068,XGBoost
2020-12-16,0.25032412896746,0.11812139302492142,Hybrid GARCH+ML
2020-12-17,0.2601455523222074,0.11413224261203953,Historical Volatility
2020-12-17,0.2601455523222074,0.14145197894690867,GARCH
2020-12-17,0.2601455523222074,0.11048209159092533,Random Forest
2020-12-17,0.2601455523222074,0.10086185485124588,XGBoost
2020-12-17,0.2601455523222074,0.11292444914579391,Hybrid GARCH+ML
2020-12-18,0.267638051422727,0.0976762169558007,Historical Volatility
2020-12-18,0.267638051422727,0.14145197894690867,GARCH
2020-12-18,0.267638051422727,0.10338100407578782,Random Forest
2020-12-18,0.267638051422727,0.09882695227861404,XGBoost
2020-12-18,0.267638051422727,0.11392605304718018,Hybrid GARCH+ML
2020-12-21,0.1457213789490938,0.15894731157795547,Historical Volatility
2020-12-21,0.1457213789490938,0.14145197894690867,GARCH
2020-12-21,0.1457213789490938,0.12517133400392422,Random Forest
2020-12-21,0.1457213789490938,0.1286037564277649,XGBoost
2020-12-21,0.1457213789490938,0.12720507383346558,Hybrid GARCH+ML
2020-12-22,0.1285496986337215,0.1613974009169275,Historical Volatility
2020-12-22,0.1285496986337215,0.14145197894690867,GARCH
2020-12-22,0.1285496986337215,0.12517128459323587,Random Forest
2020-12-22,0.1285496986337215,0.11778706312179565,XGBoost
2020-12-22,0.1285496986337215,0.1251230686903,Hybrid GARCH+ML
2020-12-23,0.10735401136574718,0.1614319298003799,Historical Volatility
2020-12-23,0.10735401136574718,0.14145197894690867,GARCH
2020-12-23,0.10735401136574718,0.12540138672767312,Random Forest
2020-12-23,0.10735401136574718,0.11682961881160736,XGBoost
2020-12-23,0.10735401136574718,0.12466368824243546,Hybrid GARCH+ML
2020-12-24,0.07718054838277431,0.15065114198091611,Historical Volatility
2020-12-24,0.07718054838277431,0.14145197894690867,GARCH
2020-12-24,0.07718054838277431,0.1251394540850157,Random Forest
2020-12-24,0.07718054838277431,0.12120659649372101,XGBoost
2020-12-24,0.07718054838277431,0.12752985954284668,Hybrid GARCH+ML
2020-12-28,0.07229574361526701,0.1501223134163033,Historical Volatility
2020-12-28,0.07229574361526701,0.14145197894690867,GARCH
2020-12-28,0.07229574361526701,0.12492343271199938,Random Forest
2020-12-28,0.07229574361526701,0.11221456527709961,XGBoost
2020-12-28,0.07229574361526701,0.11982285976409912,Hybrid GARCH+ML
2020-12-29,0.07362497906541872,0.14911763488489327,Historical Volatility
2020-12-29,0.07362497906541872,0.14145197894690867,GARCH
2020-12-29,0.07362497906541872,0.14325538243739755,Random Forest
2020-12-29,0.07362497906541872,0.15486203134059906,XGBoost
2020-12-29,0.07362497906541872,0.16338896751403809,Hybrid GARCH+ML
2020-12-30,0.07417544738721404,0.1467020249424714,Historical Volatility
2020-12-30,0.07417544738721404,0.14145197894690867,GARCH
2020-12-30,0.07417544738721404,0.14279812069116843,Random Forest
2020-12-30,0.07417544738721404,0.13986872136592865,XGBoost
2020-12-30,0.07417544738721404,0.15268634259700775,Hybrid GARCH+ML
2020-12-31,0.07430982629606367,0.1468045118003747,Historical Volatility
2020-12-31,0.07430982629606367,0.14145197894690867,GARCH
2020-12-31,0.07430982629606367,0.1431425804734404,Random Forest
2020-12-31,0.07430982629606367,0.1472661942243576,XGBoost
2020-12-31,0.07430982629606367,0.1571090817451477,Hybrid GARCH+ML
2021-01-01,0.12697285874216319,0.1466911038122635,Historical Volatility
2021-01-01,0.12697285874216319,0.14145197894690867,GARCH
2021-01-01,0.12697285874216319,0.14290815793274922,Random Forest
2021-01-01,0.12697285874216319,0.14362359046936035,XGBoost
2021-01-01,0.12697285874216319,0.15629856288433075,Hybrid GARCH+ML
2021-01-04,0.13182553167721586,0.14602677361047103,Historical Volatility
2021-01-04,0.13182553167721586,0.14145197894690867,GARCH
2021-01-04,0.13182553167721586,0.1409660578090257,Random Forest
2021-01-04,0.13182553167721586,0.14358089864253998,XGBoost
2021-01-04,0.13182553167721586,0.1553589105606079,Hybrid GARCH+ML
2021-01-05,0.13320594013443957,0.14534549972665606,Historical Volatility
2021-01-05,0.13320594013443957,0.14145197894690867,GARCH
2021-01-05,0.13320594013443957,0.14258655023195613,Random Forest
2021-01-05,0.13320594013443957,0.14730937778949738,XGBoost
2021-01-05,0.13320594013443957,0.15920361876487732,Hybrid GARCH+ML
2021-01-06,0.13050984879125924,0.14735278211984754,Historical Volatility
2021-01-06,0.13050984879125924,0.1432020129322363,GARCH
2021-01-06,0.13050984879125924,0.1451400610725903,Random Forest
2021-01-06,0.13050984879125924,0.14534321427345276,XGBoost
2021-01-06,0.13050984879125924,0.15845459699630737,Hybrid GARCH+ML
2021-01-07,0.1312898885843056,0.14513601422104083,Historical Volatility
2021-01-07,0.1312898885843056,0.1432020129322363,GARCH
2021-01-07,0.1312898885843056,0.14788916470697713,Random Forest
2021-01-07,0.1312898885843056,0.15610194206237793,XGBoost
2021-01-07,0.1312898885843056,0.16033372282981873,Hybrid GARCH+ML
2021-01-08,0.1120727896411073,0.14983869979862036,Historical Volatility
2021-01-08,0.1120727896411073,0.1432020129322363,GARCH
2021-01-08,0.1120727896411073,0.1423549385300908,Random Forest
2021-01-08,0.1120727896411073,0.14535288512706757,XGBoost
2021-01-08,0.1120727896411073,0.15682095289230347,Hybrid GARCH+ML
2021-01-11,0.11684999868248334,0.15153389220792318,Historical Volatility
2021-01-11,0.11684999868248334,0.1432020129322363,GARCH
2021-01-11,0.11684999868248334,0.14227326101437396,Random Forest
2021-01-11,0.11684999868248334,0.14024607837200165,XGBoost
2021-01-11,0.11684999868248334,0.15180163085460663,Hybrid GARCH+ML
2021-01-12,0.16172493297993346,0.15168838329274184,Historical Volatility
2021-01-12,0.16172493297993346,0.1432020129322363,GARCH
2021-01-12,0.16172493297993346,0.14194141278268085,Random Forest
2021-01-12,0.16172493297993346,0.1372244954109192,XGBoost
2021-01-12,0.16172493297993346,0.14853467047214508,Hybrid GARCH+ML
2021-01-13,0.1725461446139247,0.151859071793428,Historical Volatility
2021-01-13,0.1725461446139247,0.1432020129322363,GARCH
2021-01-13,0.1725461446139247,0.14225039209652965,Random Forest
2021-01-13,0.1725461446139247,0.14147253334522247,XGBoost
2021-01-13,0.1725461446139247,0.15311424434185028,Hybrid GARCH+ML
2021-01-14,0.17391023198974015,0.15081676169870947,Historical Volatility
2021-01-14,0.17391023198974015,0.1432020129322363,GARCH
2021-01-14,0.17391023198974015,0.14049994987648617,Random Forest
2021-01-14,0.17391023198974015,0.13514643907546997,XGBoost
2021-01-14,0.17391023198974015,0.14753663539886475,Hybrid GARCH+ML
2021-01-15,0.18826451175747053,0.1591210043783349,Historical Volatility
2021-01-15,0.18826451175747053,0.1432020129322363,GARCH
2021-01-15,0.18826451175747053,0.1400216206715906,Random Forest
2021-01-15,0.18826451175747053,0.14494062960147858,XGBoost
2021-01-15,0.18826451175747053,0.15676771104335785,Hybrid GARCH+ML
2021-01-18,0.184719500201043,0.1657611522841332,Historical Volatility
2021-01-18,0.184719500201043,0.1432020129322363,GARCH
2021-01-18,0.184719500201043,0.13978043638048976,Random Forest
2021-01-18,0.184719500201043,0.1487763673067093,XGBoost
2021-01-18,0.184719500201043,0.16519856452941895,Hybrid GARCH+ML
2021-01-19,0.1969926261105012,0.11702685843398349,Historical Volatility
2021-01-19,0.1969926261105012,0.1432020129322363,GARCH
2021-01-19,0.1969926261105012,0.1414963482623135,Random Forest
2021-01-19,0.1969926261105012,0.13467225432395935,XGBoost
2021-01-19,0.1969926261105012,0.13934120535850525,Hybrid GARCH+ML
2021-01-20,0.2026331746830394,0.11596071431612244,Historical Volatility
2021-01-20,0.2026331746830394,0.1432020129322363,GARCH
2021-01-20,0.2026331746830394,0.13325197459255855,Random Forest
2021-01-20,0.2026331746830394,0.134230375289917,XGBoost
2021-01-20,0.2026331746830394,0.13796405494213104,Hybrid GARCH+ML
2021-01-21,0.2220752470486894,0.11709931826108762,Historical Volatility
2021-01-21,0.2220752470486894,0.1432020129322363,GARCH
2021-01-21,0.2220752470486894,0.1364093269135741,Random Forest
2021-01-21,0.2220752470486894,0.14016938209533691,XGBoost
2021-01-21,0.2220752470486894,0.1416860669851303,Hybrid GARCH+ML
2021-01-22,0.3821591562194412,0.13092725031968416,Historical Volatility
2021-01-22,0.3821591562194412,0.1432020129322363,GARCH
2021-01-22,0.3821591562194412,0.1404573145113452,Random Forest
2021-01-22,0.3821591562194412,0.13097529113292694,XGBoost
2021-01-22,0.3821591562194412,0.13956327736377716,Hybrid GARCH+ML
2021-01-25,0.4172242744021558,0.13443241670479147,Historical Volatility
2021-01-25,0.4172242744021558,0.1432020129322363,GARCH
2021-01-25,0.4172242744021558,0.14014468084841436,Random Forest
2021-01-25,0.4172242744021558,0.14996813237667084,XGBoost
2021-01-25,0.4172242744021558,0.15216436982154846,Hybrid GARCH+ML
2021-01-27,0.40013507417513755,0.1522720348527196,Historical Volatility
2021-01-27,0.40013507417513755,0.1432020129322363,GARCH
2021-01-27,0.40013507417513755,0.14137795855298108,Random Forest
2021-01-27,0.40013507417513755,0.14620280265808105,XGBoost
2021-01-27,0.40013507417513755,0.1603582352399826,Hybrid GARCH+ML
2021-01-28,0.39597000608398636,0.15645300119732589,Historical Volatility
2021-01-28,0.39597000608398636,0.1432020129322363,GARCH
2021-01-28,0.39597000608398636,0.14926697519130946,Random Forest
2021-01-28,0.39597000608398636,0.16698822379112244,XGBoost
2021-01-28,0.39597000608398636,0.17971909046173096,Hybrid GARCH+ML
2021-01-29,0.38473847896383806,0.16281099302648455,Historical Volatility
2021-01-29,0.38473847896383806,0.1432020129322363,GARCH
2021-01-29,0.38473847896383806,0.18330059359781628,Random Forest
2021-01-29,0.38473847896383806,0.1937142312526703,XGBoost
2021-01-29,0.38473847896383806,0.20045626163482666,Hybrid GARCH+ML
2021-02-01,0.21914196285293033,0.2346906802722303,Historical Volatility
2021-02-01,0.21914196285293033,0.1432020129322363,GARCH
2021-02-01,0.21914196285293033,0.17526366914667657,Random Forest
2021-02-01,0.21914196285293033,0.19228379428386688,XGBoost
2021-02-01,0.21914196285293033,0.19608835875988007,Hybrid GARCH+ML
2021-02-02,0.12508207581338376,0.2492101712282672,Historical Volatility
2021-02-02,0.12508207581338376,0.1432020129322363,GARCH
2021-02-02,0.12508207581338376,0.1601789288176224,Random Forest
2021-02-02,0.12508207581338376,0.15531209111213684,XGBoost
2021-02-02,0.12508207581338376,0.1665433794260025,Hybrid GARCH+ML
2021-02-03,0.10464048891833129,0.2505941084566815,Historical Volatility
2021-02-03,0.10464048891833129,0.1432020129322363,GARCH
2021-02-03,0.10464048891833129,0.15794782061300705,Random Forest
2021-02-03,0.10464048891833129,0.1418505758047104,XGBoost
2021-02-03,0.10464048891833129,0.15013118088245392,Hybrid GARCH+ML
2021-02-04,0.09682367334592644,0.2502328767432113,Historical Volatility
2021-02-04,0.09682367334592644,0.24688628187866465,GARCH
2021-02-04,0.09682367334592644,0.14022078168523264,Random Forest
2021-02-04,0.09682367334592644,0.12413290143013,XGBoost
2021-02-04,0.09682367334592644,0.13031408190727234,Hybrid GARCH+ML
2021-02-05,0.0959754731698532,0.24996263917658462,Historical Volatility
2021-02-05,0.0959754731698532,0.24688628187866465,GARCH
2021-02-05,0.0959754731698532,0.1436693540161732,Random Forest
2021-02-05,0.0959754731698532,0.12883171439170837,XGBoost
2021-02-05,0.0959754731698532,0.1280170977115631,Hybrid GARCH+ML
2021-02-08,0.07738829266103425,0.24879220243248923,Historical Volatility
2021-02-08,0.07738829266103425,0.24688628187866465,GARCH
2021-02-08,0.07738829266103425,0.14705114172168482,Random Forest
2021-02-08,0.07738829266103425,0.13461853563785553,XGBoost
2021-02-08,0.07738829266103425,0.1346747875213623,Hybrid GARCH+ML
2021-02-09,0.07733020155086605,0.24762350897476076,Historical Volatility
2021-02-09,0.07733020155086605,0.24688628187866465,GARCH
2021-02-09,0.07733020155086605,0.15237999547714126,Random Forest
2021-02-09,0.07733020155086605,0.15248166024684906,XGBoost
2021-02-09,0.07733020155086605,0.15400385856628418,Hybrid GARCH+ML
2021-02-10,0.09134346297968719,0.24742952052770123,Historical Volatility
2021-02-10,0.09134346297968719,0.24688628187866465,GARCH
2021-02-10,0.09134346297968719,0.15218132169217238,Random Forest
2021-02-10,0.09134346297968719,0.14987099170684814,XGBoost
2021-02-10,0.09134346297968719,0.16104039549827576,Hybrid GARCH+ML
2021-02-11,0.0955819338923367,0.24750255488835995,Historical Volatility
2021-02-11,0.0955819338923367,0.24688628187866465,GARCH
2021-02-11,0.0955819338923367,0.14859185685791265,Random Forest
2021-02-11,0.0955819338923367,0.1393681913614273,XGBoost
2021-02-11,0.0955819338923367,0.14062854647636414,Hybrid GARCH+ML
2021-02-12,0.11533622717626471,0.24768824962261698,Historical Volatility
2021-02-12,0.11533622717626471,0.24688628187866465,GARCH
2021-02-12,0.11533622717626471,0.14872962742499007,Random Forest
2021-02-12,0.11533622717626471,0.1470039337873459,XGBoost
2021-02-12,0.11533622717626471,0.15010695159435272,Hybrid GARCH+ML
2021-02-15,0.17262068798423447,0.24422565791484802,Historical Volatility
2021-02-15,0.17262068798423447,0.24688628187866465,GARCH
2021-02-15,0.17262068798423447,0.14846814487634763,Random Forest
2021-02-15,0.17262068798423447,0.13564717769622803,XGBoost
2021-02-15,0.17262068798423447,0.1413881629705429,Hybrid GARCH+ML
2021-02-16,0.17331520219548296,0.23927091570432193,Historical Volatility
2021-02-16,0.17331520219548296,0.24688628187866465,GARCH
2021-02-16,0.17331520219548296,0.14905420202366723,Random Forest
2021-02-16,0.17331520219548296,0.13764312863349915,XGBoost
2021-02-16,0.17331520219548296,0.144491046667099,Hybrid GARCH+ML
2021-02-17,0.21182329294700275,0.23664945494678297,Historical Volatility
2021-02-17,0.21182329294700275,0.24688628187866465,GARCH
2021-02-17,0.21182329294700275,0.1505552752321239,Random Forest
2021-02-17,0.21182329294700275,0.1412903517484665,XGBoost
2021-02-17,0.21182329294700275,0.14631827175617218,Hybrid GARCH+ML
2021-02-18,0.2146169651211666,0.23720053365784663,Historical Volatility
2021-02-18,0.2146169651211666,0.24688628187866465,GARCH
2021-02-18,0.2146169651211666,0.15182351434370342,Random Forest
2021-02-18,0.2146169651211666,0.1486300379037857,XGBoost
2021-02-18,0.2146169651211666,0.15492236614227295,Hybrid GARCH+ML
2021-02-19,0.3406517140424105,0.23956586524366583,Historical Volatility
2021-02-19,0.3406517140424105,0.24688628187866465,GARCH
2021-02-19,0.3406517140424105,0.15333452048235657,Random Forest
2021-02-19,0.3406517140424105,0.16109319031238556,XGBoost
2021-02-19,0.3406517140424105,0.1687016487121582,Hybrid GARCH+ML
2021-02-22,0.3275133335388089,0.24535312765055842,Historical Volatility
2021-02-22,0.3275133335388089,0.24688628187866465,GARCH
2021-02-22,0.3275133335388089,0.18126793902928146,Random Forest
2021-02-22,0.3275133335388089,0.15953174233436584,XGBoost
2021-02-22,0.3275133335388089,0.17107225954532623,Hybrid GARCH+ML
2021-02-23,0.335715511035613,0.24229945648703755,Historical Volatility
2021-02-23,0.335715511035613,0.24688628187866465,GARCH
2021-02-23,0.335715511035613,0.16813731509347715,Random Forest
2021-02-23,0.335715511035613,0.15231385827064514,XGBoost
2021-02-23,0.335715511035613,0.17150834202766418,Hybrid GARCH+ML
2021-02-24,0.3451510688871283,0.23613187002534017,Historical Volatility
2021-02-24,0.3451510688871283,0.24688628187866465,GARCH
2021-02-24,0.3451510688871283,0.13274467033361487,Random Forest
2021-02-24,0.3451510688871283,0.12189299613237381,XGBoost
2021-02-24,0.3451510688871283,0.12490484118461609,Hybrid GARCH+ML
2021-02-25,0.3494590003001716,0.23032618936747032,Historical Volatility
2021-02-25,0.3494590003001716,0.24688628187866465,GARCH
2021-02-25,0.3494590003001716,0.12708483170607401,Random Forest
2021-02-25,0.3494590003001716,0.12955860793590546,XGBoost
2021-02-25,0.3494590003001716,0.1260412037372589,Hybrid GARCH+ML
2021-02-26,0.22913435216580827,0.2697000840448852,Historical Volatility
2021-02-26,0.22913435216580827,0.24688628187866465,GARCH
2021-02-26,0.22913435216580827,0.13795395582902212,Random Forest
2021-02-26,0.22913435216580827,0.13970471918582916,XGBoost
2021-02-26,0.22913435216580827,0.13556809723377228,Hybrid GARCH+ML
2021-03-01,0.19971172988441588,0.22261432854129923,Historical Volatility
2021-03-01,0.19971172988441588,0.24688628187866465,GARCH
2021-03-01,0.19971172988441588,0.12949984242349408,Random Forest
2021-03-01,0.19971172988441588,0.13227321207523346,XGBoost
2021-03-01,0.19971172988441588,0.13634495437145233,Hybrid GARCH+ML
2021-03-02,0.19676729031754384,0.2074406246774058,Historical Volatility
2021-03-02,0.19676729031754384,0.24688628187866465,GARCH
2021-03-02,0.19676729031754384,0.16332936700416753,Random Forest
2021-03-02,0.19676729031754384,0.14933165907859802,XGBoost
2021-03-02,0.19676729031754384,0.15139105916023254,Hybrid GARCH+ML
2021-03-03,0.1279868584983457,0.21822939980272332,Historical Volatility
2021-03-03,0.1279868584983457,0.24688628187866465,GARCH
2021-03-03,0.1279868584983457,0.14566901496268442,Random Forest
2021-03-03,0.1279868584983457,0.13001766800880432,XGBoost
2021-03-03,0.1279868584983457,0.13823720812797546,Hybrid GARCH+ML
2021-03-04,0.12245752120752125,0.22142387150246493,Historical Volatility
2021-03-04,0.12245752120752125,0.23214429842483192,GARCH
2021-03-04,0.12245752120752125,0.14777247290965684,Random Forest
2021-03-04,0.12245752120752125,0.15168675780296326,XGBoost
2021-03-04,0.12245752120752125,0.14649493992328644,Hybrid GARCH+ML
2021-03-05,0.11293733123714833,0.2242283318347268,Historical Volatility
2021-03-05,0.11293733123714833,0.23214429842483192,GARCH
2021-03-05,0.11293733123714833,0.1637907095693995,Random Forest
2021-03-05,0.11293733123714833,0.16765151917934418,XGBoost
2021-03-05,0.11293733123714833,0.1594017595052719,Hybrid GARCH+ML
2021-03-08,0.11297386570911062,0.2192407237404922,Historical Volatility
2021-03-08,0.11297386570911062,0.23214429842483192,GARCH
2021-03-08,0.11297386570911062,0.16975352875209443,Random Forest
2021-03-08,0.11297386570911062,0.16632287204265594,XGBoost
2021-03-08,0.11297386570911062,0.1518496870994568,Hybrid GARCH+ML
2021-05-10,0.17023192321104855,0.2213287832090768,Historical Volatility
2021-05-10,0.17023192321104855,0.23214429842483192,GARCH
2021-05-10,0.17023192321104855,0.14807967002588748,Random Forest
2021-05-10,0.17023192321104855,0.1634760946035385,XGBoost
2021-05-10,0.17023192321104855,0.1760793775320053,Hybrid GARCH+ML
2021-05-11,0.16858772610482775,0.22236608736280328,Historical Volatility
2021-05-11,0.16858772610482775,0.23214429842483192,GARCH
2021-05-11,0.16858772610482775,0.14893582430523195,Random Forest
2021-05-11,0.16858772610482775,0.16740946471691132,XGBoost
2021-05-11,0.16858772610482775,0.1792341023683548,Hybrid GARCH+ML
2021-05-12,0.16245635290611737,0.2243383899274233,Historical Volatility
2021-05-12,0.16245635290611737,0.23214429842483192,GARCH
2021-05-12,0.16245635290611737,0.15929719612203924,Random Forest
2021-05-12,0.16245635290611737,0.17085497081279755,XGBoost
2021-05-12,0.16245635290611737,0.19471609592437744,Hybrid GARCH+ML
2021-05-14,0.20606435463027198,0.22433117716550913,Historical Volatility
2021-05-14,0.20606435463027198,0.23214429842483192,GARCH
2021-05-14,0.20606435463027198,0.1627160810602543,Random Forest
2021-05-14,0.20606435463027198,0.17682680487632751,XGBoost
2021-05-14,0.20606435463027198,0.1950255036354065,Hybrid GARCH+ML
2021-05-17,0.1694739567340919,0.22986725248073817,Historical Volatility
2021-05-17,0.1694739567340919,0.23214429842483192,GARCH
2021-05-17,0.1694739567340919,0.14854544451098017,Random Forest
2021-05-17,0.1694739567340919,0.1627931296825409,XGBoost
2021-05-17,0.1694739567340919,0.1751464307308197,Hybrid GARCH+ML
2021-05-18,0.1452589890802903,0.23458069911968404,Historical Volatility
2021-05-18,0.1452589890802903,0.23214429842483192,GARCH
2021-05-18,0.1452589890802903,0.14512693345446512,Random Forest
2021-05-18,0.1452589890802903,0.1402946263551712,XGBoost
2021-05-18,0.1452589890802903,0.14217796921730042,Hybrid GARCH+ML
2021-05-19,0.14705357996325277,0.2340273803867929,Historical Volatility
2021-05-19,0.14705357996325277,0.23214429842483192,GARCH
2021-05-19,0.14705357996325277,0.14627465542952753,Random Forest
2021-05-19,0.14705357996325277,0.15028709173202515,XGBoost
2021-05-19,0.14705357996325277,0.15554103255271912,Hybrid GARCH+ML
2021-05-20,0.1358112941766198,0.23494920457954901,Historical Volatility
2021-05-20,0.1358112941766198,0.23214429842483192,GARCH
2021-05-20,0.1358112941766198,0.1520712853442392,Random Forest
2021-05-20,0.1358112941766198,0.15954522788524628,XGBoost
2021-05-20,0.1358112941766198,0.1649831384420395,Hybrid GARCH+ML
2021-05-21,0.06579338349717277,0.24094267442622275,Historical Volatility
2021-05-21,0.06579338349717277,0.23214429842483192,GARCH
2021-05-21,0.06579338349717277,0.14481599875318402,Random Forest
2021-05-21,0.06579338349717277,0.13850614428520203,XGBoost
2021-05-21,0.06579338349717277,0.1413191258907318,Hybrid GARCH+ML
2021-05-24,0.09357440137572384,0.22686830468944505,Historical Volatility
2021-05-24,0.09357440137572384,0.23214429842483192,GARCH
2021-05-24,0.09357440137572384,0.14431784061368333,Random Forest
2021-05-24,0.09357440137572384,0.14350314438343048,XGBoost
2021-05-24,0.09357440137572384,0.14493153989315033,Hybrid GARCH+ML
2021-05-25,0.0935098660280278,0.2269297579865544,Historical Volatility
2021-05-25,0.0935098660280278,0.23214429842483192,GARCH
2021-05-25,0.0935098660280278,0.14579733744325607,Random Forest
2021-05-25,0.0935098660280278,0.14328882098197937,XGBoost
2021-05-25,0.0935098660280278,0.14230498671531677,Hybrid GARCH+ML
2021-05-26,0.08289332015737223,0.21922412065021907,Historical Volatility
2021-05-26,0.08289332015737223,0.23214429842483192,GARCH
2021-05-26,0.08289332015737223,0.14182832860834405,Random Forest
2021-05-26,0.08289332015737223,0.13842728734016418,XGBoost
2021-05-26,0.08289332015737223,0.14380764961242676,Hybrid GARCH+ML
2021-05-27,0.09630090422981245,0.21805086075724575,Historical Volatility
2021-05-27,0.09630090422981245,0.23214429842483192,GARCH
2021-05-27,0.09630090422981245,0.12455994650390469,Random Forest
2021-05-27,0.09630090422981245,0.11013416200876236,XGBoost
2021-05-27,0.09630090422981245,0.11569510400295258,Hybrid GARCH+ML
2021-06-25,0.04659352338762269,0.16021471053931147,Historical Volatility
2021-06-25,0.04659352338762269,0.23214429842483192,GARCH
2021-06-25,0.04659352338762269,0.11320147207166979,Random Forest
2021-06-25,0.04659352338762269,0.10368172079324722,XGBoost
2021-06-25,0.04659352338762269,0.10952850431203842,Hybrid GARCH+ML
2021-06-28,0.06556318319703115,0.15454791782744948,Historical Volatility
2021-06-28,0.06556318319703115,0.23214429842483192,GARCH
2021-06-28,0.06556318319703115,0.10418408104006463,Random Forest
2021-06-28,0.06556318319703115,0.10450422018766403,XGBoost
2021-06-28,0.06556318319703115,0.11294947564601898,Hybrid GARCH+ML
2021-06-29,0.058843036242223694,0.15309017316090479,Historical Volatility
2021-06-29,0.058843036242223694,0.23214429842483192,GARCH
2021-06-29,0.058843036242223694,0.10163853850630894,Random Forest
2021-06-29,0.058843036242223694,0.10485465824604034,XGBoost
2021-06-29,0.058843036242223694,0.1131356954574585,Hybrid GARCH+ML
2021-06-30,0.0638050918647009,0.13397632730456568,Historical Volatility
2021-06-30,0.0638050918647009,0.23214429842483192,GARCH
2021-06-30,0.0638050918647009,0.10187040529862751,Random Forest
2021-06-30,0.0638050918647009,0.10918799042701721,XGBoost
2021-06-30,0.0638050918647009,0.11234119534492493,Hybrid GARCH+ML
2021-07-01,0.09146570813194586,0.12772688356692843,Historical Volatility
2021-07-01,0.09146570813194586,0.148874700126504,GARCH
2021-07-01,0.09146570813194586,0.1338326436286137,Random Forest
2021-07-01,0.09146570813194586,0.12071706354618073,XGBoost
2021-07-01,0.09146570813194586,0.11951560527086258,Hybrid GARCH+ML
2021-07-02,0.0910954451904107,0.12169230067056562,Historical Volatility
2021-07-02,0.0910954451904107,0.148874700126504,GARCH
2021-07-02,0.0910954451904107,0.09581891249492688,Random Forest
2021-07-02,0.0910954451904107,0.10788597166538239,XGBoost
2021-07-02,0.0910954451904107,0.10442862659692764,Hybrid GARCH+ML
2021-07-05,0.07585306243328005,0.12326406091293196,Historical Volatility
2021-07-05,0.07585306243328005,0.148874700126504,GARCH
2021-07-05,0.07585306243328005,0.0935051797012363,Random Forest
2021-07-05,0.07585306243328005,0.10285273939371109,XGBoost
2021-07-05,0.07585306243328005,0.1054362952709198,Hybrid GARCH+ML
2021-07-06,0.0928126097653718,0.12142815211076993,Historical Volatility
2021-07-06,0.0928126097653718,0.148874700126504,GARCH
2021-07-06,0.0928126097653718,0.0933949630684813,Random Forest
2021-07-06,0.0928126097653718,0.09978015720844269,XGBoost
2021-07-06,0.0928126097653718,0.09761425107717514,Hybrid GARCH+ML
2021-07-07,0.09058518665588926,0.11834299977326097,Historical Volatility
2021-07-07,0.09058518665588926,0.148874700126504,GARCH
2021-07-07,0.09058518665588926,0.09148417118137697,Random Forest
2021-07-07,0.09058518665588926,0.09846494346857071,XGBoost
2021-07-07,0.09058518665588926,0.0960608497262001,Hybrid GARCH+ML
2021-07-08,0.06740830957767369,0.11721539025929127,Historical Volatility
2021-07-08,0.06740830957767369,0.148874700126504,GARCH
2021-07-08,0.06740830957767369,0.10948273182933278,Random Forest
2021-07-08,0.06740830957767369,0.1139364019036293,XGBoost
2021-07-08,0.06740830957767369,0.11409060657024384,Hybrid GARCH+ML
2021-07-09,0.06517300412242975,0.11770428139917805,Historical Volatility
2021-07-09,0.06517300412242975,0.148874700126504,GARCH
2021-07-09,0.06517300412242975,0.11693283994084243,Random Forest
2021-07-09,0.06517300412242975,0.11736820638179779,XGBoost
2021-07-09,0.06517300412242975,0.11985951662063599,Hybrid GARCH+ML
2021-07-12,0.10060465254161738,0.10415903637116838,Historical Volatility
2021-07-12,0.10060465254161738,0.148874700126504,GARCH
2021-07-12,0.10060465254161738,0.1199774526901975,Random Forest
2021-07-12,0.10060465254161738,0.12225291132926941,XGBoost
2021-07-12,0.10060465254161738,0.11701001226902008,Hybrid GARCH+ML
2021-07-13,0.1008501726775771,0.09859598532371555,Historical Volatility
2021-07-13,0.1008501726775771,0.148874700126504,GARCH
2021-07-13,0.1008501726775771,0.10863943754625272,Random Forest
2021-07-13,0.1008501726775771,0.1170814260840416,XGBoost
2021-07-13,0.1008501726775771,0.11530888825654984,Hybrid GARCH+ML
2021-07-14,0.13164285021911368,0.0961613696726765,Historical Volatility
2021-07-14,0.13164285021911368,0.148874700126504,GARCH
2021-07-14,0.13164285021911368,0.0942193912536629,Random Forest
2021-07-14,0.13164285021911368,0.10970451682806015,XGBoost
2021-07-14,0.13164285021911368,0.10539193451404572,Hybrid GARCH+ML
2021-08-13,0.06375064790520643,0.09409406700440984,Historical Volatility
2021-08-13,0.06375064790520643,0.148874700126504,GARCH
2021-08-13,0.06375064790520643,0.10484162346831745,Random Forest
2021-08-13,0.06375064790520643,0.10659568756818771,XGBoost
2021-08-13,0.06375064790520643,0.10096229612827301,Hybrid GARCH+ML
2021-08-16,0.08288542466395249,0.07340009470764493,Historical Volatility
2021-08-16,0.08288542466395249,0.148874700126504,GARCH
2021-08-16,0.08288542466395249,0.10386582474939726,Random Forest
2021-08-16,0.08288542466395249,0.10648301243782043,XGBoost
2021-08-16,0.08288542466395249,0.10243860632181168,Hybrid GARCH+ML
2021-08-17,0.08001081649943617,0.07366912655639635,Historical Volatility
2021-08-17,0.08001081649943617,0.148874700126504,GARCH
2021-08-17,0.08001081649943617,0.1050767780230227,Random Forest
2021-08-17,0.08001081649943617,0.11440403014421463,XGBoost
2021-08-17,0.08001081649943617,0.10825742036104202,Hybrid GARCH+ML
2021-08-18,0.07758510517496103,0.07512480464815177,Historical Volatility
2021-08-18,0.07758510517496103,0.148874700126504,GARCH
2021-08-18,0.07758510517496103,0.1069138376055951,Random Forest
2021-08-18,0.07758510517496103,0.1197386384010315,XGBoost
2021-08-18,0.07758510517496103,0.11434395611286163,Hybrid GARCH+ML
2021-08-20,0.06538675340302261,0.07844605942692,Historical Volatility
2021-08-20,0.06538675340302261,0.148874700126504,GARCH
2021-08-20,0.06538675340302261,0.1074900125927766,Random Forest
2021-08-20,0.06538675340302261,0.11167725920677185,XGBoost
2021-08-20,0.06538675340302261,0.11306630074977875,Hybrid GARCH+ML
2021-08-23,0.11389774912778396,0.07858502293797455,Historical Volatility
2021-08-23,0.11389774912778396,0.148874700126504,GARCH
2021-08-23,0.11389774912778396,0.10720851848997422,Random Forest
2021-08-23,0.11389774912778396,0.11433084309101105,XGBoost
2021-08-23,0.11389774912778396,0.11613526195287704,Hybrid GARCH+ML
2021-08-24,0.130325557329474,0.08155167750075695,Historical Volatility
2021-08-24,0.130325557329474,0.148874700126504,GARCH
2021-08-24,0.130325557329474,0.1043768815740205,Random Forest
2021-08-24,0.130325557329474,0.11066313087940216,XGBoost
2021-08-24,0.130325557329474,0.1141105592250824,Hybrid GARCH+ML
2021-08-25,0.1323087988569554,0.08041257126228216,Historical Volatility
2021-08-25,0.1323087988569554,0.148874700126504,GARCH
2021-08-25,0.1323087988569554,0.10644788181011199,Random Forest
2021-08-25,0.1323087988569554,0.11197157204151154,XGBoost
2021-08-25,0.1323087988569554,0.11731665581464767,Hybrid GARCH+ML
2021-08-26,0.14756197094186443,0.07817836742992054,Historical Volatility
2021-08-26,0.14756197094186443,0.148874700126504,GARCH
2021-08-26,0.14756197094186443,0.10566925868870186,Random Forest
2021-08-26,0.14756197094186443,0.1040116399526596,XGBoost
2021-08-26,0.14756197094186443,0.10822570323944092,Hybrid GARCH+ML
2021-08-27,0.1492625073303001,0.07806713964385652,Historical Volatility
2021-08-27,0.1492625073303001,0.148874700126504,GARCH
2021-08-27,0.1492625073303001,0.1063142941791352,Random Forest
2021-08-27,0.1492625073303001,0.10816075652837753,XGBoost
2021-08-27,0.1492625073303001,0.10792625695466995,Hybrid GARCH+ML
2021-08-30,0.1169689605136392,0.08720222350578155,Historical Volatility
2021-08-30,0.1169689605136392,0.11463046920514888,GARCH
2021-08-30,0.1169689605136392,0.10775564001892413,Random Forest
2021-08-30,0.1169689605136392,0.09783551096916199,XGBoost
2021-08-30,0.1169689605136392,0.09730907529592514,Hybrid GARCH+ML
2021-08-31,0.08180962162342233,0.09358355029643803,Historical Volatility
2021-08-31,0.08180962162342233,0.11463046920514888,GARCH
2021-08-31,0.08180962162342233,0.08792234149095238,Random Forest
2021-08-31,0.08180962162342233,0.08212806284427643,XGBoost
2021-08-31,0.08180962162342233,0.08496043086051941,Hybrid GARCH+ML
2021-09-01,0.07852329059239091,0.09436278418929546,Historical Volatility
2021-09-01,0.07852329059239091,0.11463046920514888,GARCH
2021-09-01,0.07852329059239091,0.09076716948624904,Random Forest
2021-09-01,0.07852329059239091,0.08628994226455688,XGBoost
2021-09-01,0.07852329059239091,0.09298638999462128,Hybrid GARCH+ML
2021-09-02,0.044017573072245256,0.09670021147472437,Historical Volatility
2021-09-02,0.044017573072245256,0.11463046920514888,GARCH
2021-09-02,0.044017573072245256,0.09123069567399579,Random Forest
2021-09-02,0.044017573072245256,0.07589254528284073,XGBoost
2021-09-02,0.044017573072245256,0.07910392433404922,Hybrid GARCH+ML
2021-09-03,0.024887595631016213,0.09701968097043286,Historical Volatility
2021-09-03,0.024887595631016213,0.11463046920514888,GARCH
2021-09-03,0.024887595631016213,0.09552368956908205,Random Forest
2021-09-03,0.024887595631016213,0.08330979943275452,XGBoost
2021-09-03,0.024887595631016213,0.09318148344755173,Hybrid GARCH+ML
2021-09-06,0.01514912358486564,0.0853103192260677,Historical Volatility
2021-09-06,0.01514912358486564,0.11463046920514888,GARCH
2021-09-06,0.01514912358486564,0.104966944288141,Random Forest
2021-09-06,0.01514912358486564,0.08842207491397858,XGBoost
2021-09-06,0.01514912358486564,0.100041463971138,Hybrid GARCH+ML
2021-09-07,0.0583702543092338,0.08409381670738728,Historical Volatility
2021-09-07,0.0583702543092338,0.11463046920514888,GARCH
2021-09-07,0.0583702543092338,0.10607506929677255,Random Forest
2021-09-07,0.0583702543092338,0.09826812893152237,XGBoost
2021-09-07,0.0583702543092338,0.10057247430086136,Hybrid GARCH+ML
2021-09-08,0.07328727822974485,0.08447779528502067,Historical Volatility
2021-09-08,0.07328727822974485,0.11463046920514888,GARCH
2021-09-08,0.07328727822974485,0.10675217974115313,Random Forest
2021-09-08,0.07328727822974485,0.09757234901189804,XGBoost
2021-09-08,0.07328727822974485,0.1002441793680191,Hybrid GARCH+ML
2021-09-09,0.0751618678505564,0.08344540093473479,Historical Volatility
2021-09-09,0.0751618678505564,0.11463046920514888,GARCH
2021-09-09,0.0751618678505564,0.10748098502760449,Random Forest
2021-09-09,0.0751618678505564,0.0987173542380333,XGBoost
2021-09-09,0.0751618678505564,0.0997360348701477,Hybrid GARCH+ML
2021-09-13,0.10702787297716908,0.0845899378171201,Historical Volatility
2021-09-13,0.10702787297716908,0.11463046920514888,GARCH
2021-09-13,0.10702787297716908,0.10821914250351945,Random Forest
2021-09-13,0.10702787297716908,0.10310904681682587,XGBoost
2021-09-13,0.10702787297716908,0.09962441027164459,Hybrid GARCH+ML
2021-09-14,0.12589488353099684,0.08045620303351113,Historical Volatility
2021-09-14,0.12589488353099684,0.11463046920514888,GARCH
2021-09-14,0.12589488353099684,0.10837635076705705,Random Forest
2021-09-14,0.12589488353099684,0.10148133337497711,XGBoost
2021-09-14,0.12589488353099684,0.09872168302536011,Hybrid GARCH+ML
2021-09-15,0.11255791901490256,0.08273790119362848,Historical Volatility
2021-09-15,0.11255791901490256,0.11463046920514888,GARCH
2021-09-15,0.11255791901490256,0.08945643616223548,Random Forest
2021-09-15,0.11255791901490256,0.08817737549543381,XGBoost
2021-09-15,0.11255791901490256,0.09238037467002869,Hybrid GARCH+ML
2021-09-16,0.15164377100974696,0.08364267291118593,Historical Volatility
2021-09-16,0.15164377100974696,0.11463046920514888,GARCH
2021-09-16,0.15164377100974696,0.09357009528380084,Random Forest
2021-09-16,0.15164377100974696,0.08790022134780884,XGBoost
2021-09-16,0.15164377100974696,0.09359563887119293,Hybrid GARCH+ML
2021-09-17,0.1510662524166343,0.08343021618415866,Historical Volatility
2021-09-17,0.1510662524166343,0.11463046920514888,GARCH
2021-09-17,0.1510662524166343,0.08983091325225015,Random Forest
2021-09-17,0.1510662524166343,0.09056910872459412,XGBoost
2021-09-17,0.1510662524166343,0.09424863010644913,Hybrid GARCH+ML
2021-09-20,0.13032034351500427,0.08994788537850608,Historical Volatility
2021-09-20,0.13032034351500427,0.11463046920514888,GARCH
2021-09-20,0.13032034351500427,0.08892009039310364,Random Forest
2021-09-20,0.13032034351500427,0.09617268294095993,XGBoost
2021-09-20,0.13032034351500427,0.09547305107116699,Hybrid GARCH+ML
2021-09-21,0.11954396559004905,0.09299207798860275,Historical Volatility
2021-09-21,0.11954396559004905,0.11463046920514888,GARCH
2021-09-21,0.11954396559004905,0.08545851869235907,Random Forest
2021-09-21,0.11954396559004905,0.08258743584156036,XGBoost
2021-09-21,0.11954396559004905,0.08298885822296143,Hybrid GARCH+ML
2021-09-22,0.12031324368767175,0.0923539764664246,Historical Volatility
2021-09-22,0.12031324368767175,0.11463046920514888,GARCH
2021-09-22,0.12031324368767175,0.08722160254155814,Random Forest
2021-09-22,0.12031324368767175,0.09228648990392685,XGBoost
2021-09-22,0.12031324368767175,0.0909620001912117,Hybrid GARCH+ML
2021-09-23,0.05978212933540379,0.10265041084968379,Historical Volatility
2021-09-23,0.05978212933540379,0.11463046920514888,GARCH
2021-09-23,0.05978212933540379,0.08991335374463251,Random Forest
2021-09-23,0.05978212933540379,0.08348964154720306,XGBoost
2021-09-23,0.05978212933540379,0.08807718753814697,Hybrid GARCH+ML
2021-09-24,0.06810694633884691,0.10213019719363631,Historical Volatility
2021-09-24,0.06810694633884691,0.11463046920514888,GARCH
2021-09-24,0.06810694633884691,0.08917298240158315,Random Forest
2021-09-24,0.06810694633884691,0.08765684813261032,XGBoost
2021-09-24,0.06810694633884691,0.0894380509853363,Hybrid GARCH+ML
2021-09-27,0.09357503546191928,0.10281534912449147,Historical Volatility
2021-09-27,0.09357503546191928,0.11463046920514888,GARCH
2021-09-27,0.09357503546191928,0.08346351520652445,Random Forest
2021-09-27,0.09357503546191928,0.08673212677240372,XGBoost
2021-09-27,0.09357503546191928,0.08558420836925507,Hybrid GARCH+ML
2021-09-28,0.09847691672953793,0.1005870896884101,Historical Volatility
2021-09-28,0.09847691672953793,0.12541936168977638,GARCH
2021-09-28,0.09847691672953793,0.08787709525237634,Random Forest
2021-09-28,0.09847691672953793,0.09428853541612625,XGBoost
2021-09-28,0.09847691672953793,0.09754851460456848,Hybrid GARCH+ML
2021-09-29,0.1202320779421521,0.09522768115750699,Historical Volatility
2021-09-29,0.1202320779421521,0.12541936168977638,GARCH
2021-09-29,0.1202320779421521,0.090963218893641,Random Forest
2021-09-29,0.1202320779421521,0.09209203720092773,XGBoost
2021-09-29,0.1202320779421521,0.09355661273002625,Hybrid GARCH+ML
2021-09-30,0.12806060605765535,0.09685467014722618,Historical Volatility
2021-09-30,0.12806060605765535,0.12541936168977638,GARCH
2021-09-30,0.12806060605765535,0.093654494293545,Random Forest
2021-09-30,0.12806060605765535,0.09828506410121918,XGBoost
2021-09-30,0.12806060605765535,0.10062051564455032,Hybrid GARCH+ML
2021-10-01,0.13011647788686934,0.09501563500843838,Historical Volatility
2021-10-01,0.13011647788686934,0.12541936168977638,GARCH
2021-10-01,0.13011647788686934,0.09458258672874974,Random Forest
2021-10-01,0.13011647788686934,0.10016912966966629,XGBoost
2021-10-01,0.13011647788686934,0.10325441509485245,Hybrid GARCH+ML
2021-10-04,0.11496172641091196,0.09827816183311644,Historical Volatility
2021-10-04,0.11496172641091196,0.12541936168977638,GARCH
2021-10-04,0.11496172641091196,0.09232882180931969,Random Forest
2021-10-04,0.11496172641091196,0.09415733814239502,XGBoost
2021-10-04,0.11496172641091196,0.09588728845119476,Hybrid GARCH+ML
2021-10-05,0.10392891911434861,0.10060336163089395,Historical Volatility
2021-10-05,0.10392891911434861,0.12541936168977638,GARCH
2021-10-05,0.10392891911434861,0.08557305775271057,Random Forest
2021-10-05,0.10392891911434861,0.09727898985147476,XGBoost
2021-10-05,0.10392891911434861,0.1033020094037056,Hybrid GARCH+ML
2021-10-06,0.10132697740518466,0.10802589906398956,Historical Volatility
2021-10-06,0.10132697740518466,0.12541936168977638,GARCH
2021-10-06,0.10132697740518466,0.10361022062496489,Random Forest
2021-10-06,0.10132697740518466,0.11459623277187347,XGBoost
2021-10-06,0.10132697740518466,0.11632414162158966,Hybrid GARCH+ML
2021-10-07,0.1079445834216245,0.1109559276928681,Historical Volatility
2021-10-07,0.1079445834216245,0.12541936168977638,GARCH
2021-10-07,0.1079445834216245,0.09615264370163479,Random Forest
2021-10-07,0.1079445834216245,0.10454527288675308,XGBoost
2021-10-07,0.1079445834216245,0.1147390678524971,Hybrid GARCH+ML
2021-10-08,0.11298163442244939,0.11215196744732002,Historical Volatility
2021-10-08,0.11298163442244939,0.12541936168977638,GARCH
2021-10-08,0.11298163442244939,0.09441303673922898,Random Forest
2021-10-08,0.11298163442244939,0.10387419164180756,XGBoost
2021-10-08,0.11298163442244939,0.10640598088502884,Hybrid GARCH+ML
2021-10-11,0.11341964321767233,0.1119074299544638,Historical Volatility
2021-10-11,0.11341964321767233,0.12541936168977638,GARCH
2021-10-11,0.11341964321767233,0.09406707608302137,Random Forest
2021-10-11,0.11341964321767233,0.10474580526351929,XGBoost
2021-10-11,0.11341964321767233,0.10367560386657715,Hybrid GARCH+ML
2021-10-12,0.12649719061800918,0.11194643512842334,Historical Volatility
2021-10-12,0.12649719061800918,0.12541936168977638,GARCH
2021-10-12,0.12649719061800918,0.08678467925117136,Random Forest
2021-10-12,0.12649719061800918,0.09406532347202301,XGBoost
2021-10-12,0.12649719061800918,0.09623532742261887,Hybrid GARCH+ML
2021-10-13,0.11288624817658666,0.11309107442883479,Historical Volatility
2021-10-13,0.11288624817658666,0.12541936168977638,GARCH
2021-10-13,0.11288624817658666,0.08418491473648068,Random Forest
2021-10-13,0.11288624817658666,0.08682356774806976,XGBoost
2021-10-13,0.11288624817658666,0.09122074395418167,Hybrid GARCH+ML
2021-10-14,0.09286817963564716,0.11551147352071965,Historical Volatility
2021-10-14,0.09286817963564716,0.12541936168977638,GARCH
2021-10-14,0.09286817963564716,0.09808137286836656,Random Forest
2021-10-14,0.09286817963564716,0.08594052493572235,XGBoost
2021-10-14,0.09286817963564716,0.09088362008333206,Hybrid GARCH+ML
2021-10-18,0.07608044580162221,0.11583383071451481,Historical Volatility
2021-10-18,0.07608044580162221,0.12541936168977638,GARCH
2021-10-18,0.07608044580162221,0.08644368197561224,Random Forest
2021-10-18,0.07608044580162221,0.07979732751846313,XGBoost
2021-10-18,0.07608044580162221,0.08712248504161835,Hybrid GARCH+ML
2021-10-19,0.09163725398660434,0.10712786806425051,Historical Volatility
2021-10-19,0.09163725398660434,0.12541936168977638,GARCH
2021-10-19,0.09163725398660434,0.09777177463532497,Random Forest
2021-10-19,0.09163725398660434,0.09826038777828217,XGBoost
2021-10-19,0.09163725398660434,0.0980728268623352,Hybrid GARCH+ML
2021-10-20,0.07368579705171982,0.111085343553455,Historical Volatility
2021-10-20,0.07368579705171982,0.12541936168977638,GARCH
2021-10-20,0.07368579705171982,0.10225518083653387,Random Forest
2021-10-20,0.07368579705171982,0.10209661722183228,XGBoost
2021-10-20,0.07368579705171982,0.10442733019590378,Hybrid GARCH+ML
2021-10-21,0.1537172746748661,0.113313309852295,Historical Volatility
2021-10-21,0.1537172746748661,0.12541936168977638,GARCH
2021-10-21,0.1537172746748661,0.11007874490465883,Random Forest
2021-10-21,0.1537172746748661,0.11961027979850769,XGBoost
2021-10-21,0.1537172746748661,0.12555669248104095,Hybrid GARCH+ML
2021-10-22,0.1688765225205918,0.102063817492523,Historical Volatility
2021-10-22,0.1688765225205918,0.12541936168977638,GARCH
2021-10-22,0.1688765225205918,0.11707735800821276,Random Forest
2021-10-22,0.1688765225205918,0.12115748971700668,XGBoost
2021-10-22,0.1688765225205918,0.12458497285842896,Hybrid GARCH+ML
2021-10-25,0.19771278125081593,0.10201257342965424,Historical Volatility
2021-10-25,0.19771278125081593,0.12541936168977638,GARCH
2021-10-25,0.19771278125081593,0.1265447368358512,Random Forest
2021-10-25,0.19771278125081593,0.12976953387260437,XGBoost
2021-10-25,0.19771278125081593,0.13121262192726135,Hybrid GARCH+ML
2021-10-26,0.19036315608157856,0.10502413311121285,Historical Volatility
2021-10-26,0.19036315608157856,0.12541936168977638,GARCH
2021-10-26,0.19036315608157856,0.1273179910363105,Random Forest
2021-10-26,0.19036315608157856,0.1257869154214859,XGBoost
2021-10-26,0.19036315608157856,0.13388113677501678,Hybrid GARCH+ML
2021-10-27,0.19053148212887405,0.10293521136162469,Historical Volatility
2021-10-27,0.19053148212887405,0.12209874534225686,GARCH
2021-10-27,0.19053148212887405,0.12206150084862523,Random Forest
2021-10-27,0.19053148212887405,0.13388556241989136,XGBoost
2021-10-27,0.19053148212887405,0.13900017738342285,Hybrid GARCH+ML
2021-10-28,0.13462840272560278,0.12662157988669173,Historical Volatility
2021-10-28,0.13462840272560278,0.12209874534225686,GARCH
2021-10-28,0.13462840272560278,0.16171676685303255,Random Forest
2021-10-28,0.13462840272560278,0.15528084337711334,XGBoost
2021-10-28,0.13462840272560278,0.1604539304971695,Hybrid GARCH+ML
2021-10-29,0.1273118584777181,0.13096018230955045,Historical Volatility
2021-10-29,0.1273118584777181,0.12209874534225686,GARCH
2021-10-29,0.1273118584777181,0.15344846148231242,Random Forest
2021-10-29,0.1273118584777181,0.15275396406650543,XGBoost
2021-10-29,0.1273118584777181,0.15228673815727234,Hybrid GARCH+ML
2021-11-01,0.0755751873749254,0.13889266402066444,Historical Volatility
2021-11-01,0.0755751873749254,0.12209874534225686,GARCH
2021-11-01,0.0755751873749254,0.1530256672596638,Random Forest
2021-11-01,0.0755751873749254,0.14835809171199799,XGBoost
2021-11-01,0.0755751873749254,0.15006516873836517,Hybrid GARCH+ML
2021-11-02,0.07459718729702383,0.13611577406727204,Historical Volatility
2021-11-02,0.07459718729702383,0.12209874534225686,GARCH
2021-11-02,0.07459718729702383,0.15610077273788853,Random Forest
2021-11-02,0.07459718729702383,0.15834717452526093,XGBoost
2021-11-02,0.07459718729702383,0.156826913356781,Hybrid GARCH+ML
2021-11-03,0.09070759733434344,0.13429565226726903,Historical Volatility
2021-11-03,0.09070759733434344,0.12209874534225686,GARCH
2021-11-03,0.09070759733434344,0.15456204609147264,Random Forest
2021-11-03,0.09070759733434344,0.15849433839321136,XGBoost
2021-11-03,0.09070759733434344,0.16363298892974854,Hybrid GARCH+ML
2021-11-04,0.1232731553930674,0.12995927273589208,Historical Volatility
2021-11-04,0.1232731553930674,0.12209874534225686,GARCH
2021-11-04,0.1232731553930674,0.1408821357520774,Random Forest
2021-11-04,0.1232731553930674,0.12835171818733215,XGBoost
2021-11-04,0.1232731553930674,0.13182786107063293,Hybrid GARCH+ML
2021-11-08,0.10778714222118815,0.13017941264939176,Historical Volatility
2021-11-08,0.10778714222118815,0.12209874534225686,GARCH
2021-11-08,0.10778714222118815,0.14454693760609869,Random Forest
2021-11-08,0.10778714222118815,0.14302285015583038,XGBoost
2021-11-08,0.10778714222118815,0.1425355225801468,Hybrid GARCH+ML
2021-11-09,0.11578522729532832,0.1289447656982394,Historical Volatility
2021-11-09,0.11578522729532832,0.12209874534225686,GARCH
2021-11-09,0.11578522729532832,0.1377576334436011,Random Forest
2021-11-09,0.11578522729532832,0.13348308205604553,XGBoost
2021-11-09,0.11578522729532832,0.1348031759262085,Hybrid GARCH+ML
2021-11-10,0.12196076374176056,0.12878450778463046,Historical Volatility
2021-11-10,0.12196076374176056,0.12209874534225686,GARCH
2021-11-10,0.12196076374176056,0.13760363593545674,Random Forest
2021-11-10,0.12196076374176056,0.13523593544960022,XGBoost
2021-11-10,0.12196076374176056,0.13570134341716766,Hybrid GARCH+ML
2021-11-11,0.1203616212359874,0.13164094932803685,Historical Volatility
2021-11-11,0.1203616212359874,0.12209874534225686,GARCH
2021-11-11,0.1203616212359874,0.14713897216767696,Random Forest
2021-11-11,0.1203616212359874,0.1473665088415146,XGBoost
2021-11-11,0.1203616212359874,0.14518432319164276,Hybrid GARCH+ML
2021-11-12,0.16143948336949077,0.13540067463900163,Historical Volatility
2021-11-12,0.16143948336949077,0.12209874534225686,GARCH
2021-11-12,0.16143948336949077,0.13124859633395583,Random Forest
2021-11-12,0.16143948336949077,0.13240213692188263,XGBoost
2021-11-12,0.16143948336949077,0.13102547824382782,Hybrid GARCH+ML
2021-11-15,0.16523133496430442,0.13035567050506486,Historical Volatility
2021-11-15,0.16523133496430442,0.12209874534225686,GARCH
2021-11-15,0.16523133496430442,0.13897456054386012,Random Forest
2021-11-15,0.16523133496430442,0.13756810128688812,XGBoost
2021-11-15,0.16523133496430442,0.1418435126543045,Hybrid GARCH+ML
2021-11-16,0.16343523775685673,0.1280072852546364,Historical Volatility
2021-11-16,0.16343523775685673,0.12209874534225686,GARCH
2021-11-16,0.16343523775685673,0.1491256224511989,Random Forest
2021-11-16,0.16343523775685673,0.15490876138210297,XGBoost
2021-11-16,0.16343523775685673,0.15723451972007751,Hybrid GARCH+ML
2021-11-17,0.16599283181518634,0.12876651689899585,Historical Volatility
2021-11-17,0.16599283181518634,0.12209874534225686,GARCH
2021-11-17,0.16599283181518634,0.1521889686232435,Random Forest
2021-11-17,0.16599283181518634,0.15532256662845612,XGBoost
2021-11-17,0.16599283181518634,0.15552359819412231,Hybrid GARCH+ML
2021-11-18,0.2618797176684512,0.12823839757383979,Historical Volatility
2021-11-18,0.2618797176684512,0.12209874534225686,GARCH
2021-11-18,0.2618797176684512,0.1533925572853902,Random Forest
2021-11-18,0.2618797176684512,0.1650199294090271,XGBoost
2021-11-18,0.2618797176684512,0.1647133082151413,Hybrid GARCH+ML
2021-11-22,0.2212629497763141,0.14363447847972544,Historical Volatility
2021-11-22,0.2212629497763141,0.12209874534225686,GARCH
2021-11-22,0.2212629497763141,0.1695017291856577,Random Forest
2021-11-22,0.2212629497763141,0.16716058552265167,XGBoost
2021-11-22,0.2212629497763141,0.1662997603416443,Hybrid GARCH+ML
2021-11-23,0.22041494155613076,0.14570602615187064,Historical Volatility
2021-11-23,0.22041494155613076,0.12209874534225686,GARCH
2021-11-23,0.22041494155613076,0.1627997484144724,Random Forest
2021-11-23,0.22041494155613076,0.15610277652740479,XGBoost
2021-11-23,0.22041494155613076,0.1567440629005432,Hybrid GARCH+ML
2021-11-24,0.23049350278377295,0.1459013601095275,Historical Volatility
2021-11-24,0.23049350278377295,0.12209874534225686,GARCH
2021-11-24,0.23049350278377295,0.16781671397842982,Random Forest
2021-11-24,0.23049350278377295,0.16926921904087067,XGBoost
2021-11-24,0.23049350278377295,0.1708630472421646,Hybrid GARCH+ML
2021-11-25,0.2449495359160172,0.1451087551095835,Historical Volatility
2021-11-25,0.2449495359160172,0.12209874534225686,GARCH
2021-11-25,0.2449495359160172,0.1667999701783865,Random Forest
2021-11-25,0.2449495359160172,0.16364508867263794,XGBoost
2021-11-25,0.2449495359160172,0.1639886200428009,Hybrid GARCH+ML
2021-11-26,0.15234029069761465,0.17486795922333617,Historical Volatility
2021-11-26,0.15234029069761465,0.14503031133471928,GARCH
2021-11-26,0.15234029069761465,0.1710489743779638,Random Forest
2021-11-26,0.15234029069761465,0.17956721782684326,XGBoost
2021-11-26,0.15234029069761465,0.16712896525859833,Hybrid GARCH+ML
2021-11-29,0.192606969245021,0.1646386103267329,Historical Volatility
2021-11-29,0.192606969245021,0.14503031133471928,GARCH
2021-11-29,0.192606969245021,0.17341613196907846,Random Forest
2021-11-29,0.192606969245021,0.18272563815116882,XGBoost
2021-11-29,0.192606969245021,0.16972260177135468,Hybrid GARCH+ML
2021-11-30,0.21990753327691615,0.16200336465543708,Historical Volatility
2021-11-30,0.21990753327691615,0.14503031133471928,GARCH
2021-11-30,0.21990753327691615,0.17577303101883898,Random Forest
2021-11-30,0.21990753327691615,0.17840954661369324,XGBoost
2021-11-30,0.21990753327691615,0.17777365446090698,Hybrid GARCH+ML
2021-12-01,0.23864092119827685,0.1574414534585526,Historical Volatility
2021-12-01,0.23864092119827685,0.14503031133471928,GARCH
2021-12-01,0.23864092119827685,0.1880478729720064,Random Forest
2021-12-01,0.23864092119827685,0.17864975333213806,XGBoost
2021-12-01,0.23864092119827685,0.18342414498329163,Hybrid GARCH+ML
2021-12-02,0.2191292728920437,0.16707302896829165,Historical Volatility
2021-12-02,0.2191292728920437,0.14503031133471928,GARCH
2021-12-02,0.2191292728920437,0.17080743369583853,Random Forest
2021-12-02,0.2191292728920437,0.1674325317144394,XGBoost
2021-12-02,0.2191292728920437,0.16495923697948456,Hybrid GARCH+ML
2021-12-03,0.20235681084375656,0.17107677476813968,Historical Volatility
2021-12-03,0.20235681084375656,0.14503031133471928,GARCH
2021-12-03,0.20235681084375656,0.17017150104908893,Random Forest
2021-12-03,0.20235681084375656,0.17728658020496368,XGBoost
2021-12-03,0.20235681084375656,0.16539567708969116,Hybrid GARCH+ML
2021-12-06,0.17412117443817637,0.1769059478526738,Historical Volatility
2021-12-06,0.17412117443817637,0.14503031133471928,GARCH
2021-12-06,0.17412117443817637,0.1853360630763792,Random Forest
2021-12-06,0.17412117443817637,0.1986190229654312,XGBoost
2021-12-06,0.17412117443817637,0.18427817523479462,Hybrid GARCH+ML
2021-12-07,0.13601477947118826,0.1845367916618166,Historical Volatility
2021-12-07,0.13601477947118826,0.14503031133471928,GARCH
2021-12-07,0.13601477947118826,0.1974193274418678,Random Forest
2021-12-07,0.13601477947118826,0.1881152093410492,XGBoost
2021-12-07,0.13601477947118826,0.191938579082489,Hybrid GARCH+ML
2021-12-08,0.07671880918208684,0.19705448240223877,Historical Volatility
2021-12-08,0.07671880918208684,0.14503031133471928,GARCH
2021-12-08,0.07671880918208684,0.17977635936030872,Random Forest
2021-12-08,0.07671880918208684,0.174596905708313,XGBoost
2021-12-08,0.07671880918208684,0.1784353107213974,Hybrid GARCH+ML
2021-12-09,0.07512726811160206,0.19764876629062553,Historical Volatility
2021-12-09,0.07512726811160206,0.14503031133471928,GARCH
2021-12-09,0.07512726811160206,0.1777815263931759,Random Forest
2021-12-09,0.07512726811160206,0.18040373921394348,XGBoost
2021-12-09,0.07512726811160206,0.17600421607494354,Hybrid GARCH+ML
2021-12-10,0.13250039621942686,0.1961249328116856,Historical Volatility
2021-12-10,0.13250039621942686,0.14503031133471928,GARCH
2021-12-10,0.13250039621942686,0.17925888523956815,Random Forest
2021-12-10,0.13250039621942686,0.18493179976940155,XGBoost
2021-12-10,0.13250039621942686,0.18184992671012878,Hybrid GARCH+ML
2021-12-13,0.19684240883190204,0.1906445213414609,Historical Volatility
2021-12-13,0.19684240883190204,0.14503031133471928,GARCH
2021-12-13,0.19684240883190204,0.18396681647241947,Random Forest
2021-12-13,0.19684240883190204,0.18636204302310944,XGBoost
2021-12-13,0.19684240883190204,0.1906222105026245,Hybrid GARCH+ML
2021-12-14,0.20705283974140878,0.19042919033905303,Historical Volatility
2021-12-14,0.20705283974140878,0.14503031133471928,GARCH
2021-12-14,0.20705283974140878,0.18229676937231779,Random Forest
2021-12-14,0.20705283974140878,0.18337810039520264,XGBoost
2021-12-14,0.20705283974140878,0.18092304468154907,Hybrid GARCH+ML
2021-12-15,0.217027969254551,0.19039855292003915,Historical Volatility
2021-12-15,0.217027969254551,0.14503031133471928,GARCH
2021-12-15,0.217027969254551,0.19155272180254898,Random Forest
2021-12-15,0.217027969254551,0.2015901654958725,XGBoost
2021-12-15,0.217027969254551,0.2074456810951233,Hybrid GARCH+ML
2021-12-16,0.2221867444721111,0.19040445789491026,Historical Volatility
2021-12-16,0.2221867444721111,0.14503031133471928,GARCH
2021-12-16,0.2221867444721111,0.18601972399721606,Random Forest
2021-12-16,0.2221867444721111,0.20116941630840302,XGBoost
2021-12-16,0.2221867444721111,0.20335476100444794,Hybrid GARCH+ML
2021-12-17,0.19563389404926174,0.195487322370704,Historical Volatility
2021-12-17,0.19563389404926174,0.14503031133471928,GARCH
2021-12-17,0.19563389404926174,0.1757482405750044,Random Forest
2021-12-17,0.19563389404926174,0.16503582894802094,XGBoost
2021-12-17,0.19563389404926174,0.17028748989105225,Hybrid GARCH+ML
2021-12-20,0.12194962129879322,0.19835802189777416,Historical Volatility
2021-12-20,0.12194962129879322,0.14503031133471928,GARCH
2021-12-20,0.12194962129879322,0.18599248404360666,Random Forest
2021-12-20,0.12194962129879322,0.17854541540145874,XGBoost
2021-12-20,0.12194962129879322,0.17259779572486877,Hybrid GARCH+ML
2021-12-21,0.11887684984289357,0.2011202206385762,Historical Volatility
2021-12-21,0.11887684984289357,0.14503031133471928,GARCH
2021-12-21,0.11887684984289357,0.17968383449453917,Random Forest
2021-12-21,0.11887684984289357,0.1614282876253128,XGBoost
2021-12-21,0.11887684984289357,0.16535434126853943,Hybrid GARCH+ML
2021-12-22,0.09031887073129032,0.20600270926106126,Historical Volatility
2021-12-22,0.09031887073129032,0.14503031133471928,GARCH
2021-12-22,0.09031887073129032,0.1728235470418054,Random Forest
2021-12-22,0.09031887073129032,0.1591547429561615,XGBoost
2021-12-22,0.09031887073129032,0.1600348949432373,Hybrid GARCH+ML
2021-12-23,0.07605160334858327,0.20597625843610484,Historical Volatility
2021-12-23,0.07605160334858327,0.14503031133471928,GARCH
2021-12-23,0.07605160334858327,0.172268561653344,Random Forest
2021-12-23,0.07605160334858327,0.16210849583148956,XGBoost
2021-12-23,0.07605160334858327,0.1601826548576355,Hybrid GARCH+ML
2021-12-24,0.09361753773903994,0.17769010106028263,Historical Volatility
2021-12-24,0.09361753773903994,0.1741338764723306,GARCH
2021-12-24,0.09361753773903994,0.17716729157741426,Random Forest
2021-12-24,0.09361753773903994,0.17301411926746368,XGBoost
2021-12-24,0.09361753773903994,0.18316543102264404,Hybrid GARCH+ML
2021-12-27,0.14050721622767606,0.17846218010113254,Historical Volatility
2021-12-27,0.14050721622767606,0.1741338764723306,GARCH
2021-12-27,0.14050721622767606,0.1605520040044125,Random Forest
2021-12-27,0.14050721622767606,0.15745975077152252,XGBoost
2021-12-27,0.14050721622767606,0.16164660453796387,Hybrid GARCH+ML
2021-12-28,0.14567403909290194,0.18014875431494112,Historical Volatility
2021-12-28,0.14567403909290194,0.1741338764723306,GARCH
2021-12-28,0.14567403909290194,0.16619692601803912,Random Forest
2021-12-28,0.14567403909290194,0.172721728682518,XGBoost
2021-12-28,0.14567403909290194,0.17797359824180603,Hybrid GARCH+ML
2021-12-29,0.1530661830235027,0.17627378916997594,Historical Volatility
2021-12-29,0.1530661830235027,0.1741338764723306,GARCH
2021-12-29,0.1530661830235027,0.16283654439370873,Random Forest
2021-12-29,0.1530661830235027,0.17173537611961365,XGBoost
2021-12-29,0.1530661830235027,0.18296557664871216,Hybrid GARCH+ML
2021-12-30,0.16884850664726667,0.16896242231247954,Historical Volatility
2021-12-30,0.16884850664726667,0.1741338764723306,GARCH
2021-12-30,0.16884850664726667,0.1513015167688855,Random Forest
2021-12-30,0.16884850664726667,0.14286860823631287,XGBoost
2021-12-30,0.16884850664726667,0.15283602476119995,Hybrid GARCH+ML
2021-12-31,0.15942987586630156,0.16649041920710275,Historical Volatility
2021-12-31,0.15942987586630156,0.1741338764723306,GARCH
2021-12-31,0.15942987586630156,0.14371213683285522,Random Forest
2021-12-31,0.15942987586630156,0.12911644577980042,XGBoost
2021-12-31,0.15942987586630156,0.1387043595314026,Hybrid GARCH+ML
2022-01-03,0.13772663205456442,0.16171502085527883,Historical Volatility
2022-01-03,0.13772663205456442,0.1741338764723306,GARCH
2022-01-03,0.13772663205456442,0.12952384426307015,Random Forest
2022-01-03,0.13772663205456442,0.1165679320693016,XGBoost
2022-01-03,0.13772663205456442,0.1224658414721489,Hybrid GARCH+ML
2022-01-04,0.11923842830654574,0.15683427523839147,Historical Volatility
2022-01-04,0.11923842830654574,0.1741338764723306,GARCH
2022-01-04,0.11923842830654574,0.1274702372589395,Random Forest
2022-01-04,0.11923842830654574,0.11499025672674179,XGBoost
2022-01-04,0.11923842830654574,0.11864586919546127,Hybrid GARCH+ML
2022-01-05,0.12530954097948122,0.1477053541836243,Historical Volatility
2022-01-05,0.12530954097948122,0.1741338764723306,GARCH
2022-01-05,0.12530954097948122,0.12699574757148774,Random Forest
2022-01-05,0.12530954097948122,0.1109989583492279,XGBoost
2022-01-05,0.12530954097948122,0.11712706834077835,Hybrid GARCH+ML
2022-01-06,0.10449490959809811,0.15293566932333263,Historical Volatility
2022-01-06,0.10449490959809811,0.1741338764723306,GARCH
2022-01-06,0.10449490959809811,0.128616171255342,Random Forest
2022-01-06,0.10449490959809811,0.11924313008785248,XGBoost
2022-01-06,0.10449490959809811,0.1174856647849083,Hybrid GARCH+ML
2022-01-07,0.10103652488491828,0.15327754858308693,Historical Volatility
2022-01-07,0.10103652488491828,0.1741338764723306,GARCH
2022-01-07,0.10103652488491828,0.12938273918206733,Random Forest
2022-01-07,0.10103652488491828,0.12487530708312988,XGBoost
2022-01-07,0.10103652488491828,0.1298263669013977,Hybrid GARCH+ML
2022-01-10,0.07008664994071438,0.1531078932943184,Historical Volatility
2022-01-10,0.07008664994071438,0.1741338764723306,GARCH
2022-01-10,0.07008664994071438,0.12920903159885014,Random Forest
2022-01-10,0.07008664994071438,0.11399108171463013,XGBoost
2022-01-10,0.07008664994071438,0.1184382438659668,Hybrid GARCH+ML
2022-01-11,0.10132925967781936,0.15229726372276128,Historical Volatility
2022-01-11,0.10132925967781936,0.1741338764723306,GARCH
2022-01-11,0.10132925967781936,0.1294657664115506,Random Forest
2022-01-11,0.10132925967781936,0.11826073378324509,XGBoost
2022-01-11,0.10132925967781936,0.1251876801252365,Hybrid GARCH+ML
2022-01-12,0.10602084342874175,0.15087689319441344,Historical Volatility
2022-01-12,0.10602084342874175,0.1741338764723306,GARCH
2022-01-12,0.10602084342874175,0.1282457861789931,Random Forest
2022-01-12,0.10602084342874175,0.11724351346492767,XGBoost
2022-01-12,0.10602084342874175,0.12036465853452682,Hybrid GARCH+ML
2022-01-13,0.12701909803822076,0.15081249960265894,Historical Volatility
2022-01-13,0.12701909803822076,0.1741338764723306,GARCH
2022-01-13,0.12701909803822076,0.12463910411766822,Random Forest
2022-01-13,0.12701909803822076,0.11338850855827332,XGBoost
2022-01-13,0.12701909803822076,0.12146174162626266,Hybrid GARCH+ML
2022-01-14,0.13886754297641396,0.13528664245199198,Historical Volatility
2022-01-14,0.13886754297641396,0.1741338764723306,GARCH
2022-01-14,0.13886754297641396,0.11680837995617192,Random Forest
2022-01-14,0.13886754297641396,0.11157600581645966,XGBoost
2022-01-14,0.13886754297641396,0.11474070698022842,Hybrid GARCH+ML
2022-01-17,0.23540328315592723,0.09561721686956899,Historical Volatility
2022-01-17,0.23540328315592723,0.1741338764723306,GARCH
2022-01-17,0.23540328315592723,0.09115393413773329,Random Forest
2022-01-17,0.23540328315592723,0.09510010480880737,XGBoost
2022-01-17,0.23540328315592723,0.10111845284700394,Hybrid GARCH+ML
2022-01-18,0.2290342365057783,0.10870126542169982,Historical Volatility
2022-01-18,0.2290342365057783,0.1741338764723306,GARCH
2022-01-18,0.2290342365057783,0.10081923817987622,Random Forest
2022-01-18,0.2290342365057783,0.10525064915418625,XGBoost
2022-01-18,0.2290342365057783,0.10261602699756622,Hybrid GARCH+ML
2022-01-19,0.2291843427660797,0.11531032220242546,Historical Volatility
2022-01-19,0.2291843427660797,0.1741338764723306,GARCH
2022-01-19,0.2291843427660797,0.10497514621047817,Random Forest
2022-01-19,0.2291843427660797,0.11054573208093643,XGBoost
2022-01-19,0.2291843427660797,0.10801821947097778,Hybrid GARCH+ML
2022-01-20,0.2175557377599224,0.12296084005628097,Historical Volatility
2022-01-20,0.2175557377599224,0.1741338764723306,GARCH
2022-01-20,0.2175557377599224,0.10875235594273869,Random Forest
2022-01-20,0.2175557377599224,0.10744180530309677,XGBoost
2022-01-20,0.2175557377599224,0.10915730893611908,Hybrid GARCH+ML
2022-01-21,0.2319447488116898,0.1261888538734458,Historical Volatility
2022-01-21,0.2319447488116898,0.14337581650865974,GARCH
2022-01-21,0.2319447488116898,0.11645020883490925,Random Forest
2022-01-21,0.2319447488116898,0.1228988766670227,XGBoost
2022-01-21,0.2319447488116898,0.12870286405086517,Hybrid GARCH+ML
2022-01-24,0.1629197974914343,0.1614113538045693,Historical Volatility
2022-01-24,0.1629197974914343,0.14337581650865974,GARCH
2022-01-24,0.1629197974914343,0.1805923709919571,Random Forest
2022-01-24,0.1629197974914343,0.17327284812927246,XGBoost
2022-01-24,0.1629197974914343,0.17729704082012177,Hybrid GARCH+ML
2022-01-25,0.17428281485127348,0.16071069047018038,Historical Volatility
2022-01-25,0.17428281485127348,0.14337581650865974,GARCH
2022-01-25,0.17428281485127348,0.18796565884900437,Random Forest
2022-01-25,0.17428281485127348,0.1713787466287613,XGBoost
2022-01-25,0.17428281485127348,0.178879052400589,Hybrid GARCH+ML
2022-01-27,0.18268279606638077,0.16448168586632,Historical Volatility
2022-01-27,0.18268279606638077,0.14337581650865974,GARCH
2022-01-27,0.18268279606638077,0.19306659330017187,Random Forest
2022-01-27,0.18268279606638077,0.19653849303722382,XGBoost
2022-01-27,0.18268279606638077,0.20040442049503326,Hybrid GARCH+ML
2022-01-28,0.1835134299084847,0.16448023777588794,Historical Volatility
2022-01-28,0.1835134299084847,0.14337581650865974,GARCH
2022-01-28,0.1835134299084847,0.19555653267011341,Random Forest
2022-01-28,0.1835134299084847,0.20870612561702728,XGBoost
2022-01-28,0.1835134299084847,0.2189292162656784,Hybrid GARCH+ML
2022-01-31,0.19842862572938755,0.1691364575050973,Historical Volatility
2022-01-31,0.19842862572938755,0.14337581650865974,GARCH
2022-01-31,0.19842862572938755,0.17857411729664957,Random Forest
2022-01-31,0.19842862572938755,0.18141888082027435,XGBoost
2022-01-31,0.19842862572938755,0.18681302666664124,Hybrid GARCH+ML
2022-02-01,0.17482760370501008,0.1668744559514174,Historical Volatility
2022-02-01,0.17482760370501008,0.14337581650865974,GARCH
2022-02-01,0.17482760370501008,0.1578831378228314,Random Forest
2022-02-01,0.17482760370501008,0.16286946833133698,XGBoost
2022-02-01,0.17482760370501008,0.17759089171886444,Hybrid GARCH+ML
2022-02-02,0.17435279523466166,0.16804724242574165,Historical Volatility
2022-02-02,0.17435279523466166,0.14337581650865974,GARCH
2022-02-02,0.17435279523466166,0.14853482709638513,Random Forest
2022-02-02,0.17435279523466166,0.13327999413013458,XGBoost
2022-02-02,0.17435279523466166,0.14627371728420258,Hybrid GARCH+ML
2022-02-03,0.16095886822820443,0.17150612431338252,Historical Volatility
2022-02-03,0.16095886822820443,0.14337581650865974,GARCH
2022-02-03,0.16095886822820443,0.1843444078414047,Random Forest
2022-02-03,0.16095886822820443,0.1854737401008606,XGBoost
2022-02-03,0.16095886822820443,0.19731751084327698,Hybrid GARCH+ML
2022-02-04,0.18544885181863657,0.16829903917921255,Historical Volatility
2022-02-04,0.18544885181863657,0.14337581650865974,GARCH
2022-02-04,0.18544885181863657,0.16367838886785693,Random Forest
2022-02-04,0.18544885181863657,0.1613793820142746,XGBoost
2022-02-04,0.18544885181863657,0.17318961024284363,Hybrid GARCH+ML
2022-02-07,0.260396679776823,0.1774937480361314,Historical Volatility
2022-02-07,0.260396679776823,0.14337581650865974,GARCH
2022-02-07,0.260396679776823,0.20405465180187338,Random Forest
2022-02-07,0.260396679776823,0.21532697975635529,XGBoost
2022-02-07,0.260396679776823,0.21755316853523254,Hybrid GARCH+ML
2022-02-08,0.33483684521773016,0.17247208542831957,Historical Volatility
2022-02-08,0.33483684521773016,0.14337581650865974,GARCH
2022-02-08,0.33483684521773016,0.19701508070965082,Random Forest
2022-02-08,0.33483684521773016,0.22533169388771057,XGBoost
2022-02-08,0.33483684521773016,0.2278698980808258,Hybrid GARCH+ML
2022-02-09,0.3252373329886133,0.17822043430199797,Historical Volatility
2022-02-09,0.3252373329886133,0.14337581650865974,GARCH
2022-02-09,0.3252373329886133,0.19133681551733106,Random Forest
2022-02-09,0.3252373329886133,0.20542511343955994,XGBoost
2022-02-09,0.3252373329886133,0.20550602674484253,Hybrid GARCH+ML
2022-02-10,0.3201934462287251,0.1778201183571258,Historical Volatility
2022-02-10,0.3201934462287251,0.14337581650865974,GARCH
2022-02-10,0.3201934462287251,0.17346389544330765,Random Forest
2022-02-10,0.3201934462287251,0.1954827904701233,XGBoost
2022-02-10,0.3201934462287251,0.2011679857969284,Hybrid GARCH+ML
2022-02-11,0.3063650936540858,0.18161526292288732,Historical Volatility
2022-02-11,0.3063650936540858,0.14337581650865974,GARCH
2022-02-11,0.3063650936540858,0.20123320673306822,Random Forest
2022-02-11,0.3063650936540858,0.2027176320552826,XGBoost
2022-02-11,0.3063650936540858,0.2182699739933014,Hybrid GARCH+ML
2022-02-14,0.21436258528409777,0.20768753966384546,Historical Volatility
2022-02-14,0.21436258528409777,0.14337581650865974,GARCH
2022-02-14,0.21436258528409777,0.2177743171801952,Random Forest
2022-02-14,0.21436258528409777,0.22698020935058594,XGBoost
2022-02-14,0.21436258528409777,0.23211275041103363,Hybrid GARCH+ML
2022-02-15,0.05837632180738056,0.23918470935569972,Historical Volatility
2022-02-15,0.05837632180738056,0.14337581650865974,GARCH
2022-02-15,0.05837632180738056,0.20773582641096675,Random Forest
2022-02-15,0.05837632180738056,0.20893198251724243,XGBoost
2022-02-15,0.05837632180738056,0.21824581921100616,Hybrid GARCH+ML
2022-02-16,0.05830255346754003,0.2373021931085295,Historical Volatility
2022-02-16,0.05830255346754003,0.14337581650865974,GARCH
2022-02-16,0.05830255346754003,0.1915321754092895,Random Forest
2022-02-16,0.05830255346754003,0.206909641623497,XGBoost
2022-02-16,0.05830255346754003,0.21695001423358917,Hybrid GARCH+ML
2022-02-17,0.35236536148897246,0.2356789428760809,Historical Volatility
2022-02-17,0.35236536148897246,0.14337581650865974,GARCH
2022-02-17,0.35236536148897246,0.17745749739837044,Random Forest
2022-02-17,0.35236536148897246,0.1999017894268036,XGBoost
2022-02-17,0.35236536148897246,0.2095509171485901,Hybrid GARCH+ML
2022-02-18,0.3942018277198304,0.23359913352620687,Historical Volatility
2022-02-18,0.3942018277198304,0.14337581650865974,GARCH
2022-02-18,0.3942018277198304,0.18240245210963185,Random Forest
2022-02-18,0.3942018277198304,0.19945885241031647,XGBoost
2022-02-18,0.3942018277198304,0.208255797624588,Hybrid GARCH+ML
2022-02-21,0.39734149041202277,0.2325653497749948,Historical Volatility
2022-02-21,0.39734149041202277,0.20456718175622565,GARCH
2022-02-21,0.39734149041202277,0.19708011814895177,Random Forest
2022-02-21,0.39734149041202277,0.20200254023075104,XGBoost
2022-02-21,0.39734149041202277,0.21086889505386353,Hybrid GARCH+ML
2022-02-22,0.4025165695281355,0.2131241448730493,Historical Volatility
2022-02-22,0.4025165695281355,0.20456718175622565,GARCH
2022-02-22,0.4025165695281355,0.20759560733699745,Random Forest
2022-02-22,0.4025165695281355,0.23112541437149048,XGBoost
2022-02-22,0.4025165695281355,0.23070460557937622,Hybrid GARCH+ML
2022-02-23,0.4049894872812461,0.2112356517399552,Historical Volatility
2022-02-23,0.4049894872812461,0.20456718175622565,GARCH
2022-02-23,0.4049894872812461,0.2078262223940322,Random Forest
2022-02-23,0.4049894872812461,0.2061607837677002,XGBoost
2022-02-23,0.4049894872812461,0.2043604850769043,Hybrid GARCH+ML
2022-02-24,0.2349688413032441,0.2710743419297239,Historical Volatility
2022-02-24,0.2349688413032441,0.20456718175622565,GARCH
2022-02-24,0.2349688413032441,0.2105878793911843,Random Forest
2022-02-24,0.2349688413032441,0.22155886888504028,XGBoost
2022-02-24,0.2349688413032441,0.2250416874885559,Hybrid GARCH+ML
2022-02-25,0.228930213492358,0.2881807665169851,Historical Volatility
2022-02-25,0.228930213492358,0.20456718175622565,GARCH
2022-02-25,0.228930213492358,0.20489166445289783,Random Forest
2022-02-25,0.228930213492358,0.23091097176074982,XGBoost
2022-02-25,0.228930213492358,0.22656585276126862,Hybrid GARCH+ML
2022-02-28,0.23148078461718458,0.28489740119676504,Historical Volatility
2022-02-28,0.23148078461718458,0.20456718175622565,GARCH
2022-02-28,0.23148078461718458,0.20564280449322817,Random Forest
2022-02-28,0.23148078461718458,0.2169126719236374,XGBoost
2022-02-28,0.23148078461718458,0.22178693115711212,Hybrid GARCH+ML
2022-03-02,0.26155238891404725,0.280962379176765,Historical Volatility
2022-03-02,0.26155238891404725,0.20456718175622565,GARCH
2022-03-02,0.26155238891404725,0.21123183335157994,Random Forest
2022-03-02,0.26155238891404725,0.2370905727148056,XGBoost
2022-03-02,0.26155238891404725,0.21811231970787048,Hybrid GARCH+ML
2022-03-03,0.27899630782419804,0.27600644964589155,Historical Volatility
2022-03-03,0.27899630782419804,0.20456718175622565,GARCH
2022-03-03,0.27899630782419804,0.2124904716226913,Random Forest
2022-03-03,0.27899630782419804,0.22241678833961487,XGBoost
2022-03-03,0.27899630782419804,0.2241154909133911,Hybrid GARCH+ML
2022-03-04,0.25702453200638714,0.27745984598367823,Historical Volatility
2022-03-04,0.25702453200638714,0.20456718175622565,GARCH
2022-03-04,0.25702453200638714,0.21810470578297644,Random Forest
2022-03-04,0.25702453200638714,0.23402376472949982,XGBoost
2022-03-04,0.25702453200638714,0.22690202295780182,Hybrid GARCH+ML
2022-03-07,0.21889318287767573,0.286213943417089,Historical Volatility
2022-03-07,0.21889318287767573,0.20456718175622565,GARCH
2022-03-07,0.21889318287767573,0.21762718115205332,Random Forest
2022-03-07,0.21889318287767573,0.24523644149303436,XGBoost
2022-03-07,0.21889318287767573,0.23023644089698792,Hybrid GARCH+ML
2022-03-08,0.22629827719238507,0.28656736674255195,Historical Volatility
2022-03-08,0.22629827719238507,0.20456718175622565,GARCH
2022-03-08,0.22629827719238507,0.2164956317648555,Random Forest
2022-03-08,0.22629827719238507,0.2442174106836319,XGBoost
2022-03-08,0.22629827719238507,0.23479022085666656,Hybrid GARCH+ML
2022-03-09,0.21767781145641596,0.2984055177364008,Historical Volatility
2022-03-09,0.21767781145641596,0.20456718175622565,GARCH
2022-03-09,0.21767781145641596,0.21553127523467072,Random Forest
2022-03-09,0.21767781145641596,0.2237570732831955,XGBoost
2022-03-09,0.21767781145641596,0.22039468586444855,Hybrid GARCH+ML
2022-03-10,0.22912607230620877,0.3010815919430776,Historical Volatility
2022-03-10,0.22912607230620877,0.20456718175622565,GARCH
2022-03-10,0.22912607230620877,0.20954582830424645,Random Forest
2022-03-10,0.22912607230620877,0.2000798135995865,XGBoost
2022-03-10,0.22912607230620877,0.1998981237411499,Hybrid GARCH+ML
2022-03-11,0.23907836614335345,0.2990207058569958,Historical Volatility
2022-03-11,0.23907836614335345,0.20456718175622565,GARCH
2022-03-11,0.23907836614335345,0.17443801025552624,Random Forest
2022-03-11,0.23907836614335345,0.16081145405769348,XGBoost
2022-03-11,0.23907836614335345,0.16926129162311554,Hybrid GARCH+ML
2022-03-14,0.23107989240121732,0.30235877057448385,Historical Volatility
2022-03-14,0.23107989240121732,0.20456718175622565,GARCH
2022-03-14,0.23107989240121732,0.16421409827964364,Random Forest
2022-03-14,0.23107989240121732,0.15930409729480743,XGBoost
2022-03-14,0.23107989240121732,0.15328240394592285,Hybrid GARCH+ML
2022-03-15,0.21550571834258872,0.28485248504053917,Historical Volatility
2022-03-15,0.21550571834258872,0.20456718175622565,GARCH
2022-03-15,0.21550571834258872,0.1573861053601145,Random Forest
2022-03-15,0.21550571834258872,0.15079843997955322,XGBoost
2022-03-15,0.21550571834258872,0.1526855081319809,Hybrid GARCH+ML
2022-03-16,0.17072952191695678,0.2714503712136205,Historical Volatility
2022-03-16,0.17072952191695678,0.20456718175622565,GARCH
2022-03-16,0.17072952191695678,0.15779895334116387,Random Forest
2022-03-16,0.17072952191695678,0.1529351770877838,XGBoost
2022-03-16,0.17072952191695678,0.15070024132728577,Hybrid GARCH+ML
2022-03-17,0.1152927960862565,0.27991679816791626,Historical Volatility
2022-03-17,0.1152927960862565,0.20456718175622565,GARCH
2022-03-17,0.1152927960862565,0.1399616071080441,Random Forest
2022-03-17,0.1152927960862565,0.1176421269774437,XGBoost
2022-03-17,0.1152927960862565,0.12402801215648651,Hybrid GARCH+ML
2022-03-21,0.09599070814287142,0.2820480958091245,Historical Volatility
2022-03-21,0.09599070814287142,0.20456718175622565,GARCH
2022-03-21,0.09599070814287142,0.1455677692542887,Random Forest
2022-03-21,0.09599070814287142,0.1359502673149109,XGBoost
2022-03-21,0.09599070814287142,0.14812280237674713,Hybrid GARCH+ML
2022-03-22,0.0660091658341401,0.2852069063271842,Historical Volatility
2022-03-22,0.0660091658341401,0.20456718175622565,GARCH
2022-03-22,0.0660091658341401,0.13812631019678165,Random Forest
2022-03-22,0.0660091658341401,0.1098429337143898,XGBoost
2022-03-22,0.0660091658341401,0.13021542131900787,Hybrid GARCH+ML
2022-03-23,0.09223019345204145,0.28520736767373456,Historical Volatility
2022-03-23,0.09223019345204145,0.22142750909165934,GARCH
2022-03-23,0.09223019345204145,0.1331570423839535,Random Forest
2022-03-23,0.09223019345204145,0.12168661504983902,XGBoost
2022-03-23,0.09223019345204145,0.12654589116573334,Hybrid GARCH+ML
2022-03-24,0.09274967132831469,0.2841494878942276,Historical Volatility
2022-03-24,0.09274967132831469,0.22142750909165934,GARCH
2022-03-24,0.09274967132831469,0.1333826925048247,Random Forest
2022-03-24,0.09274967132831469,0.12119496613740921,XGBoost
2022-03-24,0.09274967132831469,0.12798373401165009,Hybrid GARCH+ML
2022-03-25,0.12117157780093538,0.284501992042615,Historical Volatility
2022-03-25,0.12117157780093538,0.22142750909165934,GARCH
2022-03-25,0.12117157780093538,0.14575860505716975,Random Forest
2022-03-25,0.12117157780093538,0.14243249595165253,XGBoost
2022-03-25,0.12117157780093538,0.15292271971702576,Hybrid GARCH+ML
2022-03-28,0.19245407275978663,0.21709970899540518,Historical Volatility
2022-03-28,0.19245407275978663,0.22142750909165934,GARCH
2022-03-28,0.19245407275978663,0.13701496873228206,Random Forest
2022-03-28,0.19245407275978663,0.1411474347114563,XGBoost
2022-03-28,0.19245407275978663,0.15223756432533264,Hybrid GARCH+ML
2022-03-29,0.19149107107817198,0.20143924686429363,Historical Volatility
2022-03-29,0.19149107107817198,0.22142750909165934,GARCH
2022-03-29,0.19149107107817198,0.14063128323205057,Random Forest
2022-03-29,0.19149107107817198,0.14805322885513306,XGBoost
2022-03-29,0.19149107107817198,0.15484623610973358,Hybrid GARCH+ML
2022-03-30,0.18769799315251062,0.20228279978351008,Historical Volatility
2022-03-30,0.18769799315251062,0.22142750909165934,GARCH
2022-03-30,0.18769799315251062,0.13672142605931903,Random Forest
2022-03-30,0.18769799315251062,0.11263839155435562,XGBoost
2022-03-30,0.18769799315251062,0.11950470507144928,Hybrid GARCH+ML
2022-03-31,0.19894546705516902,0.196774762555086,Historical Volatility
2022-03-31,0.19894546705516902,0.22142750909165934,GARCH
2022-03-31,0.19894546705516902,0.1320581958121513,Random Forest
2022-03-31,0.19894546705516902,0.11884722113609314,XGBoost
2022-03-31,0.19894546705516902,0.12306779623031616,Hybrid GARCH+ML
2022-04-01,0.18983604426071304,0.19630525091048734,Historical Volatility
2022-04-01,0.18983604426071304,0.22142750909165934,GARCH
2022-04-01,0.18983604426071304,0.12814064301563055,Random Forest
2022-04-01,0.18983604426071304,0.11575061082839966,XGBoost
2022-04-01,0.18983604426071304,0.11833562701940536,Hybrid GARCH+ML
2022-04-04,0.12160760078952348,0.19290717654645181,Historical Volatility
2022-04-04,0.12160760078952348,0.22142750909165934,GARCH
2022-04-04,0.12160760078952348,0.12883237128873856,Random Forest
2022-04-04,0.12160760078952348,0.11760491132736206,XGBoost
2022-04-04,0.12160760078952348,0.12475818395614624,Hybrid GARCH+ML
2022-04-05,0.12945664455254136,0.1651064180753466,Historical Volatility
2022-04-05,0.12945664455254136,0.22142750909165934,GARCH
2022-04-05,0.12945664455254136,0.12888302629710505,Random Forest
2022-04-05,0.12945664455254136,0.13002796471118927,XGBoost
2022-04-05,0.12945664455254136,0.13245607912540436,Hybrid GARCH+ML
2022-04-06,0.11711536976995857,0.1724203501306002,Historical Volatility
2022-04-06,0.11711536976995857,0.22142750909165934,GARCH
2022-04-06,0.11711536976995857,0.129027496203728,Random Forest
2022-04-06,0.11711536976995857,0.13567182421684265,XGBoost
2022-04-06,0.11711536976995857,0.1306914985179901,Hybrid GARCH+ML
2022-04-07,0.1565180102982215,0.17020244239921634,Historical Volatility
2022-04-07,0.1565180102982215,0.22142750909165934,GARCH
2022-04-07,0.1565180102982215,0.128590039933049,Random Forest
2022-04-07,0.1565180102982215,0.12462726980447769,XGBoost
2022-04-07,0.1565180102982215,0.1259606033563614,Hybrid GARCH+ML
2022-04-08,0.17067114711465706,0.16578039383997112,Historical Volatility
2022-04-08,0.17067114711465706,0.22142750909165934,GARCH
2022-04-08,0.17067114711465706,0.12671905137676384,Random Forest
2022-04-08,0.17067114711465706,0.12481498718261719,XGBoost
2022-04-08,0.17067114711465706,0.12382087856531143,Hybrid GARCH+ML
2022-04-11,0.1808267436051381,0.16924713934664917,Historical Volatility
2022-04-11,0.1808267436051381,0.22142750909165934,GARCH
2022-04-11,0.1808267436051381,0.13372060899402086,Random Forest
2022-04-11,0.1808267436051381,0.13573512434959412,XGBoost
2022-04-11,0.1808267436051381,0.13620591163635254,Hybrid GARCH+ML
2022-04-12,0.20095045957966282,0.16818157660112643,Historical Volatility
2022-04-12,0.20095045957966282,0.22142750909165934,GARCH
2022-04-12,0.20095045957966282,0.1327065397484753,Random Forest
2022-04-12,0.20095045957966282,0.13581722974777222,XGBoost
2022-04-12,0.20095045957966282,0.1393863409757614,Hybrid GARCH+ML
2022-04-13,0.21932974116584505,0.16073980300834148,Historical Volatility
2022-04-13,0.21932974116584505,0.22142750909165934,GARCH
2022-04-13,0.21932974116584505,0.12525462337669274,Random Forest
2022-04-13,0.21932974116584505,0.13016065955162048,XGBoost
2022-04-13,0.21932974116584505,0.13740035891532898,Hybrid GARCH+ML
2022-04-18,0.20252634606781306,0.16342417218222907,Historical Volatility
2022-04-18,0.20252634606781306,0.22142750909165934,GARCH
2022-04-18,0.20252634606781306,0.12864382995016382,Random Forest
2022-04-18,0.20252634606781306,0.13356530666351318,XGBoost
2022-04-18,0.20252634606781306,0.13408991694450378,Hybrid GARCH+ML
2022-04-19,0.2086835716180937,0.15577846841571535,Historical Volatility
2022-04-19,0.2086835716180937,0.22142750909165934,GARCH
2022-04-19,0.2086835716180937,0.17682363641410004,Random Forest
2022-04-19,0.2086835716180937,0.19341319799423218,XGBoost
2022-04-19,0.2086835716180937,0.18713220953941345,Hybrid GARCH+ML
2022-04-20,0.20638718005383072,0.1570588396116096,Historical Volatility
2022-04-20,0.20638718005383072,0.22142750909165934,GARCH
2022-04-20,0.20638718005383072,0.1457253480440918,Random Forest
2022-04-20,0.20638718005383072,0.14456996321678162,XGBoost
2022-04-20,0.20638718005383072,0.14587785303592682,Hybrid GARCH+ML
2022-04-21,0.1970646520977545,0.16068636534604408,Historical Volatility
2022-04-21,0.1970646520977545,0.22142750909165934,GARCH
2022-04-21,0.1970646520977545,0.13423736221231272,Random Forest
2022-04-21,0.1970646520977545,0.127835214138031,XGBoost
2022-04-21,0.1970646520977545,0.13734695315361023,Hybrid GARCH+ML
2022-04-22,0.18463125123479907,0.16663248903951744,Historical Volatility
2022-04-22,0.18463125123479907,0.17705643065525034,GARCH
2022-04-22,0.18463125123479907,0.1500265337392024,Random Forest
2022-04-22,0.18463125123479907,0.1582372784614563,XGBoost
2022-04-22,0.18463125123479907,0.1606321930885315,Hybrid GARCH+ML
2022-04-25,0.16141493309855354,0.17249946402324273,Historical Volatility
2022-04-25,0.16141493309855354,0.17705643065525034,GARCH
2022-04-25,0.16141493309855354,0.16865183898414432,Random Forest
2022-04-25,0.16141493309855354,0.18075111508369446,XGBoost
2022-04-25,0.16141493309855354,0.18648992478847504,Hybrid GARCH+ML
2022-04-26,0.20653978547302396,0.1801886678679763,Historical Volatility
2022-04-26,0.20653978547302396,0.17705643065525034,GARCH
2022-04-26,0.20653978547302396,0.13534298884993412,Random Forest
2022-04-26,0.20653978547302396,0.12518887221813202,XGBoost
2022-04-26,0.20653978547302396,0.13042151927947998,Hybrid GARCH+ML
2022-04-27,0.19526345549870033,0.18269292041057944,Historical Volatility
2022-04-27,0.19526345549870033,0.17705643065525034,GARCH
2022-04-27,0.19526345549870033,0.14116010684324876,Random Forest
2022-04-27,0.19526345549870033,0.14246197044849396,XGBoost
2022-04-27,0.19526345549870033,0.15275229513645172,Hybrid GARCH+ML
2022-04-28,0.21062312505155859,0.18679365151196775,Historical Volatility
2022-04-28,0.21062312505155859,0.17705643065525034,GARCH
2022-04-28,0.21062312505155859,0.14606499698387676,Random Forest
2022-04-28,0.21062312505155859,0.14678844809532166,XGBoost
2022-04-28,0.21062312505155859,0.15444040298461914,Hybrid GARCH+ML
2022-04-29,0.20771801564711467,0.18483445833526735,Historical Volatility
2022-04-29,0.20771801564711467,0.17705643065525034,GARCH
2022-04-29,0.20771801564711467,0.1913106247946034,Random Forest
2022-04-29,0.20771801564711467,0.20781224966049194,XGBoost
2022-04-29,0.20771801564711467,0.21565808355808258,Hybrid GARCH+ML
2022-05-02,0.20899919061469388,0.18483681908880517,Historical Volatility
2022-05-02,0.20899919061469388,0.17705643065525034,GARCH
2022-05-02,0.20899919061469388,0.18999486720733574,Random Forest
2022-05-02,0.20899919061469388,0.19978126883506775,XGBoost
2022-05-02,0.20899919061469388,0.20106859505176544,Hybrid GARCH+ML
2022-05-04,0.1325412485465623,0.1939526725956722,Historical Volatility
2022-05-04,0.1325412485465623,0.17705643065525034,GARCH
2022-05-04,0.1325412485465623,0.2302336008457969,Random Forest
2022-05-04,0.1325412485465623,0.21940197050571442,XGBoost
2022-05-04,0.1325412485465623,0.22452682256698608,Hybrid GARCH+ML
2022-05-05,0.2073446044976311,0.17205943548746008,Historical Volatility
2022-05-05,0.2073446044976311,0.17705643065525034,GARCH
2022-05-05,0.2073446044976311,0.2300093474042427,Random Forest
2022-05-05,0.2073446044976311,0.22746391594409943,XGBoost
2022-05-05,0.2073446044976311,0.23692023754119873,Hybrid GARCH+ML
2022-05-06,0.17195215347511453,0.1776370510490919,Historical Volatility
2022-05-06,0.17195215347511453,0.17705643065525034,GARCH
2022-05-06,0.17195215347511453,0.2317411467707127,Random Forest
2022-05-06,0.17195215347511453,0.23178650438785553,XGBoost
2022-05-06,0.17195215347511453,0.23806485533714294,Hybrid GARCH+ML
2022-05-09,0.1674579055304862,0.1772500322758464,Historical Volatility
2022-05-09,0.1674579055304862,0.17705643065525034,GARCH
2022-05-09,0.1674579055304862,0.24352559877616892,Random Forest
2022-05-09,0.1674579055304862,0.2433820217847824,XGBoost
2022-05-09,0.1674579055304862,0.2595558762550354,Hybrid GARCH+ML
2022-05-10,0.2476629592249458,0.1762404026381674,Historical Volatility
2022-05-10,0.2476629592249458,0.17705643065525034,GARCH
2022-05-10,0.2476629592249458,0.24114715834951744,Random Forest
2022-05-10,0.2476629592249458,0.24242599308490753,XGBoost
2022-05-10,0.2476629592249458,0.25379714369773865,Hybrid GARCH+ML
2022-05-11,0.24573214367686333,0.1701369365532803,Historical Volatility
2022-05-11,0.24573214367686333,0.17705643065525034,GARCH
2022-05-11,0.24573214367686333,0.2410189956006942,Random Forest
2022-05-11,0.24573214367686333,0.2437933087348938,XGBoost
2022-05-11,0.24573214367686333,0.2635957598686218,Hybrid GARCH+ML
2022-05-12,0.2672092802033443,0.18137630081607714,Historical Volatility
2022-05-12,0.2672092802033443,0.17705643065525034,GARCH
2022-05-12,0.2672092802033443,0.24118392185390924,Random Forest
2022-05-12,0.2672092802033443,0.24463339149951935,XGBoost
2022-05-12,0.2672092802033443,0.25582030415534973,Hybrid GARCH+ML
2022-05-13,0.33488842404483393,0.18161198190210814,Historical Volatility
2022-05-13,0.33488842404483393,0.17705643065525034,GARCH
2022-05-13,0.33488842404483393,0.24299570861817252,Random Forest
2022-05-13,0.33488842404483393,0.24474233388900757,XGBoost
2022-05-13,0.33488842404483393,0.2602384388446808,Hybrid GARCH+ML
2022-05-16,0.33455461406018566,0.18433331410777465,Historical Volatility
2022-05-16,0.33455461406018566,0.17705643065525034,GARCH
2022-05-16,0.33455461406018566,0.24547809171505855,Random Forest
2022-05-16,0.33455461406018566,0.2446724772453308,XGBoost
2022-05-16,0.33455461406018566,0.2515745759010315,Hybrid GARCH+ML
2022-05-17,0.2818699989657264,0.2080904065529028,Historical Volatility
2022-05-17,0.2818699989657264,0.17705643065525034,GARCH
2022-05-17,0.2818699989657264,0.24592652759393105,Random Forest
2022-05-17,0.2818699989657264,0.22578510642051697,XGBoost
2022-05-17,0.2818699989657264,0.2401292771100998,Hybrid GARCH+ML
2022-05-18,0.28514358271400153,0.20483506447287794,Historical Volatility
2022-05-18,0.28514358271400153,0.17705643065525034,GARCH
2022-05-18,0.28514358271400153,0.2415284562410336,Random Forest
2022-05-18,0.28514358271400153,0.22809650003910065,XGBoost
2022-05-18,0.28514358271400153,0.23537038266658783,Hybrid GARCH+ML
2022-05-19,0.22116441894574282,0.21688076668419007,Historical Volatility
2022-05-19,0.22116441894574282,0.17705643065525034,GARCH
2022-05-19,0.22116441894574282,0.24266719205304543,Random Forest
2022-05-19,0.22116441894574282,0.22738045454025269,XGBoost
2022-05-19,0.22116441894574282,0.23855553567409515,Hybrid GARCH+ML
2022-05-20,0.1198482245322888,0.23709652709261242,Historical Volatility
2022-05-20,0.1198482245322888,0.17705643065525034,GARCH
2022-05-20,0.1198482245322888,0.25888123847066224,Random Forest
2022-05-20,0.1198482245322888,0.20896412432193756,XGBoost
2022-05-20,0.1198482245322888,0.23018363118171692,Hybrid GARCH+ML
2022-05-23,0.1775220868878022,0.23447224674590775,Historical Volatility
2022-05-23,0.1775220868878022,0.23771891819619906,GARCH
2022-05-23,0.1775220868878022,0.24541255242807392,Random Forest
2022-05-23,0.1775220868878022,0.22922462224960327,XGBoost
2022-05-23,0.1775220868878022,0.2272772639989853,Hybrid GARCH+ML
2022-05-24,0.17619739235992293,0.2318079114480252,Historical Volatility
2022-05-24,0.17619739235992293,0.23771891819619906,GARCH
2022-05-24,0.17619739235992293,0.25132797403320273,Random Forest
2022-05-24,0.17619739235992293,0.2534251809120178,XGBoost
2022-05-24,0.17619739235992293,0.2539418935775757,Hybrid GARCH+ML
2022-05-25,0.17269316065168627,0.22319501005125197,Historical Volatility
2022-05-25,0.17269316065168627,0.23771891819619906,GARCH
2022-05-25,0.17269316065168627,0.2511942164184758,Random Forest
2022-05-25,0.17269316065168627,0.23806165158748627,XGBoost
2022-05-25,0.17269316065168627,0.24480733275413513,Hybrid GARCH+ML
2022-05-26,0.16674076030141016,0.22626281140817753,Historical Volatility
2022-05-26,0.16674076030141016,0.23771891819619906,GARCH
2022-05-26,0.16674076030141016,0.2507947725135651,Random Forest
2022-05-26,0.16674076030141016,0.269499272108078,XGBoost
2022-05-26,0.16674076030141016,0.26105058193206787,Hybrid GARCH+ML
2022-05-27,0.14770630090217346,0.22555509120110148,Historical Volatility
2022-05-27,0.14770630090217346,0.23771891819619906,GARCH
2022-05-27,0.14770630090217346,0.21766499252943863,Random Forest
2022-05-27,0.14770630090217346,0.21999232470989227,XGBoost
2022-05-27,0.14770630090217346,0.22488021850585938,Hybrid GARCH+ML
2022-05-30,0.06481298558403605,0.236703690804524,Historical Volatility
2022-05-30,0.06481298558403605,0.23771891819619906,GARCH
2022-05-30,0.06481298558403605,0.2202072678934935,Random Forest
2022-05-30,0.06481298558403605,0.19588786363601685,XGBoost
2022-05-30,0.06481298558403605,0.2001851350069046,Hybrid GARCH+ML
2022-05-31,0.08644227838683355,0.2369898357676855,Historical Volatility
2022-05-31,0.08644227838683355,0.23771891819619906,GARCH
2022-05-31,0.08644227838683355,0.18240490266087342,Random Forest
2022-05-31,0.08644227838683355,0.1661764234304428,XGBoost
2022-05-31,0.08644227838683355,0.17525610327720642,Hybrid GARCH+ML
2022-06-01,0.08630043316988892,0.2229361356075669,Historical Volatility
2022-06-01,0.08630043316988892,0.23771891819619906,GARCH
2022-06-01,0.08630043316988892,0.16748766675986348,Random Forest
2022-06-01,0.08630043316988892,0.14450854063034058,XGBoost
2022-06-01,0.08630043316988892,0.15405292809009552,Hybrid GARCH+ML
2022-06-02,0.09051001286923228,0.22424236993758723,Historical Volatility
2022-06-02,0.09051001286923228,0.23771891819619906,GARCH
2022-06-02,0.09051001286923228,0.16148993648987697,Random Forest
2022-06-02,0.09051001286923228,0.1454673558473587,XGBoost
2022-06-02,0.09051001286923228,0.14856408536434174,Hybrid GARCH+ML
2022-06-03,0.14917978805885243,0.21620000281841584,Historical Volatility
2022-06-03,0.14917978805885243,0.23771891819619906,GARCH
2022-06-03,0.14917978805885243,0.16341931744458355,Random Forest
2022-06-03,0.14917978805885243,0.1456272155046463,XGBoost
2022-06-03,0.14917978805885243,0.15423376858234406,Hybrid GARCH+ML
2022-06-06,0.24132086150409632,0.21460808158670897,Historical Volatility
2022-06-06,0.24132086150409632,0.23771891819619906,GARCH
2022-06-06,0.24132086150409632,0.1662983109691519,Random Forest
2022-06-06,0.24132086150409632,0.154487743973732,XGBoost
2022-06-06,0.24132086150409632,0.15793867409229279,Hybrid GARCH+ML
2022-06-07,0.23291717876064127,0.21704452424344864,Historical Volatility
2022-06-07,0.23291717876064127,0.23771891819619906,GARCH
2022-06-07,0.23291717876064127,0.16650463065617102,Random Forest
2022-06-07,0.23291717876064127,0.16208697855472565,XGBoost
2022-06-07,0.23291717876064127,0.16789521276950836,Hybrid GARCH+ML
2022-06-08,0.2321599840517163,0.2168075115768702,Historical Volatility
2022-06-08,0.2321599840517163,0.23771891819619906,GARCH
2022-06-08,0.2321599840517163,0.16745828780829985,Random Forest
2022-06-08,0.2321599840517163,0.1650281548500061,XGBoost
2022-06-08,0.2321599840517163,0.1743050068616867,Hybrid GARCH+ML
2022-06-09,0.27222366163190415,0.19997737573405688,Historical Volatility
2022-06-09,0.27222366163190415,0.23771891819619906,GARCH
2022-06-09,0.27222366163190415,0.1643185852220131,Random Forest
2022-06-09,0.27222366163190415,0.15794755518436432,XGBoost
2022-06-09,0.27222366163190415,0.167480006814003,Hybrid GARCH+ML
2022-06-10,0.2462927392728337,0.21079432152245317,Historical Volatility
2022-06-10,0.2462927392728337,0.23771891819619906,GARCH
2022-06-10,0.2462927392728337,0.17109259155229725,Random Forest
2022-06-10,0.2462927392728337,0.17331275343894958,XGBoost
2022-06-10,0.2462927392728337,0.1732015311717987,Hybrid GARCH+ML
2022-06-13,0.15914790827736347,0.23273594269326306,Historical Volatility
2022-06-13,0.15914790827736347,0.23771891819619906,GARCH
2022-06-13,0.15914790827736347,0.18091050734795056,Random Forest
2022-06-13,0.15914790827736347,0.17879429459571838,XGBoost
2022-06-13,0.15914790827736347,0.17669585347175598,Hybrid GARCH+ML
2022-06-14,0.2060504989279746,0.21118771752609244,Historical Volatility
2022-06-14,0.2060504989279746,0.23771891819619906,GARCH
2022-06-14,0.2060504989279746,0.18941544760518508,Random Forest
2022-06-14,0.2060504989279746,0.19563595950603485,XGBoost
2022-06-14,0.2060504989279746,0.20344863831996918,Hybrid GARCH+ML
2022-06-15,0.22970206047821543,0.21120267974715534,Historical Volatility
2022-06-15,0.22970206047821543,0.23771891819619906,GARCH
2022-06-15,0.22970206047821543,0.18927440782468177,Random Forest
2022-06-15,0.22970206047821543,0.19450008869171143,XGBoost
2022-06-15,0.22970206047821543,0.19433528184890747,Hybrid GARCH+ML
2022-06-16,0.1846576848917506,0.20321360800331947,Historical Volatility
2022-06-16,0.1846576848917506,0.23771891819619906,GARCH
2022-06-16,0.1846576848917506,0.20130992538201667,Random Forest
2022-06-16,0.1846576848917506,0.2007349729537964,XGBoost
2022-06-16,0.1846576848917506,0.2045654058456421,Hybrid GARCH+ML
2022-06-17,0.1932067185706704,0.1697638025947998,Historical Volatility
2022-06-17,0.1932067185706704,0.23771891819619906,GARCH
2022-06-17,0.1932067185706704,0.20337930720963573,Random Forest
2022-06-17,0.1932067185706704,0.21946005523204803,XGBoost
2022-06-17,0.1932067185706704,0.20540684461593628,Hybrid GARCH+ML
2022-06-20,0.20053906620846787,0.17145883931977168,Historical Volatility
2022-06-20,0.20053906620846787,0.1951381751348103,GARCH
2022-06-20,0.20053906620846787,0.20195674626704593,Random Forest
2022-06-20,0.20053906620846787,0.21595145761966705,XGBoost
2022-06-20,0.20053906620846787,0.21259768307209015,Hybrid GARCH+ML
2022-06-21,0.1509633361284239,0.18698543021862382,Historical Volatility
2022-06-21,0.1509633361284239,0.1951381751348103,GARCH
2022-06-21,0.1509633361284239,0.20451563380596105,Random Forest
2022-06-21,0.1509633361284239,0.20435728132724762,XGBoost
2022-06-21,0.1509633361284239,0.20419222116470337,Hybrid GARCH+ML
2022-06-22,0.11262074113757334,0.1920150272145638,Historical Volatility
2022-06-22,0.11262074113757334,0.1951381751348103,GARCH
2022-06-22,0.11262074113757334,0.20480900997165455,Random Forest
2022-06-22,0.11262074113757334,0.21633219718933105,XGBoost
2022-06-22,0.11262074113757334,0.21193529665470123,Hybrid GARCH+ML
2022-06-23,0.09184740434595903,0.19223662168684383,Historical Volatility
2022-06-23,0.09184740434595903,0.1951381751348103,GARCH
2022-06-23,0.09184740434595903,0.19340016319179548,Random Forest
2022-06-23,0.09184740434595903,0.18898069858551025,XGBoost
2022-06-23,0.09184740434595903,0.1930052489042282,Hybrid GARCH+ML
2022-06-24,0.06633900774944843,0.19047934781053827,Historical Volatility
2022-06-24,0.06633900774944843,0.1951381751348103,GARCH
2022-06-24,0.06633900774944843,0.1892444773968761,Random Forest
2022-06-24,0.06633900774944843,0.17413261532783508,XGBoost
2022-06-24,0.06633900774944843,0.1730569452047348,Hybrid GARCH+ML
2022-06-27,0.047189012331443445,0.17874631522383239,Historical Volatility
2022-06-27,0.047189012331443445,0.1951381751348103,GARCH
2022-06-27,0.047189012331443445,0.1840205531288702,Random Forest
2022-06-27,0.047189012331443445,0.17668485641479492,XGBoost
2022-06-27,0.047189012331443445,0.17612579464912415,Hybrid GARCH+ML
2022-06-28,0.04776472475710936,0.1790328968696859,Historical Volatility
2022-06-28,0.04776472475710936,0.1951381751348103,GARCH
2022-06-28,0.04776472475710936,0.1990338994395762,Random Forest
2022-06-28,0.04776472475710936,0.1972033679485321,XGBoost
2022-06-28,0.04776472475710936,0.19203799962997437,Hybrid GARCH+ML
2022-06-29,0.09022142826093242,0.1789869710217825,Historical Volatility
2022-06-29,0.09022142826093242,0.1951381751348103,GARCH
2022-06-29,0.09022142826093242,0.18517405095483913,Random Forest
2022-06-29,0.09022142826093242,0.18629206717014313,XGBoost
2022-06-29,0.09022142826093242,0.18907321989536285,Hybrid GARCH+ML
2022-06-30,0.10985879186592067,0.17616652531128857,Historical Volatility
2022-06-30,0.10985879186592067,0.1951381751348103,GARCH
2022-06-30,0.10985879186592067,0.17920746876122035,Random Forest
2022-06-30,0.10985879186592067,0.17046135663986206,XGBoost
2022-06-30,0.10985879186592067,0.1793268769979477,Hybrid GARCH+ML
2022-07-01,0.11571086867217291,0.1761909727436434,Historical Volatility
2022-07-01,0.11571086867217291,0.1951381751348103,GARCH
2022-07-01,0.11571086867217291,0.19292534251967342,Random Forest
2022-07-01,0.11571086867217291,0.19447273015975952,XGBoost
2022-07-01,0.11571086867217291,0.19559608399868011,Hybrid GARCH+ML
2022-07-04,0.10950362363870626,0.1783183525883207,Historical Volatility
2022-07-04,0.10950362363870626,0.1951381751348103,GARCH
2022-07-04,0.10950362363870626,0.18570159279740392,Random Forest
2022-07-04,0.10950362363870626,0.1834825575351715,XGBoost
2022-07-04,0.10950362363870626,0.19249901175498962,Hybrid GARCH+ML
2022-07-05,0.12916489887268082,0.17638136843147095,Historical Volatility
2022-07-05,0.12916489887268082,0.1951381751348103,GARCH
2022-07-05,0.12916489887268082,0.18693010679684977,Random Forest
2022-07-05,0.12916489887268082,0.1876266449689865,XGBoost
2022-07-05,0.12916489887268082,0.19975946843624115,Hybrid GARCH+ML
2022-07-06,0.10931921373225598,0.18223089657033756,Historical Volatility
2022-07-06,0.10931921373225598,0.1951381751348103,GARCH
2022-07-06,0.10931921373225598,0.16743465293924037,Random Forest
2022-07-06,0.10931921373225598,0.1782764047384262,XGBoost
2022-07-06,0.10931921373225598,0.18810266256332397,Hybrid GARCH+ML
2022-07-07,0.09002823420509691,0.18323089780643204,Historical Volatility
2022-07-07,0.09002823420509691,0.1951381751348103,GARCH
2022-07-07,0.09002823420509691,0.1484657169598986,Random Forest
2022-07-07,0.09002823420509691,0.15393441915512085,XGBoost
2022-07-07,0.09002823420509691,0.1611010879278183,Hybrid GARCH+ML
2022-07-08,0.0950352333703983,0.17454861301068295,Historical Volatility
2022-07-08,0.0950352333703983,0.1951381751348103,GARCH
2022-07-08,0.0950352333703983,0.1320726845612414,Random Forest
2022-07-08,0.0950352333703983,0.12580937147140503,XGBoost
2022-07-08,0.0950352333703983,0.12933571636676788,Hybrid GARCH+ML
2022-07-11,0.13845778472113002,0.14312378904173176,Historical Volatility
2022-07-11,0.13845778472113002,0.1951381751348103,GARCH
2022-07-11,0.13845778472113002,0.1326465894615688,Random Forest
2022-07-11,0.13845778472113002,0.1200844869017601,XGBoost
2022-07-11,0.13845778472113002,0.12164467573165894,Hybrid GARCH+ML
2022-07-12,0.12282795618794078,0.14792459436468736,Historical Volatility
2022-07-12,0.12282795618794078,0.1951381751348103,GARCH
2022-07-12,0.12282795618794078,0.13827406008641857,Random Forest
2022-07-12,0.12282795618794078,0.12847939133644104,XGBoost
2022-07-12,0.12282795618794078,0.13505983352661133,Hybrid GARCH+ML
2022-07-13,0.13965889311379318,0.14936640181505595,Historical Volatility
2022-07-13,0.13965889311379318,0.1951381751348103,GARCH
2022-07-13,0.13965889311379318,0.14827371214662668,Random Forest
2022-07-13,0.13965889311379318,0.15039171278476715,XGBoost
2022-07-13,0.13965889311379318,0.16198274493217468,Hybrid GARCH+ML
2022-07-14,0.1437290526136321,0.12488891135154057,Historical Volatility
2022-07-14,0.1437290526136321,0.1951381751348103,GARCH
2022-07-14,0.1437290526136321,0.15203997637515795,Random Forest
2022-07-14,0.1437290526136321,0.15251752734184265,XGBoost
2022-07-14,0.1437290526136321,0.16650918126106262,Hybrid GARCH+ML
2022-07-15,0.14358837185191345,0.12385079614289497,Historical Volatility
2022-07-15,0.14358837185191345,0.1951381751348103,GARCH
2022-07-15,0.14358837185191345,0.14531222280311337,Random Forest
2022-07-15,0.14358837185191345,0.14522282779216766,XGBoost
2022-07-15,0.14358837185191345,0.15702682733535767,Hybrid GARCH+ML
2022-07-18,0.10905368999454715,0.1307018307404673,Historical Volatility
2022-07-18,0.10905368999454715,0.1382684408296115,GARCH
2022-07-18,0.10905368999454715,0.13555186140691902,Random Forest
2022-07-18,0.10905368999454715,0.12992140650749207,XGBoost
2022-07-18,0.10905368999454715,0.14552226662635803,Hybrid GARCH+ML
2022-07-19,0.12306107676221073,0.11696408525997096,Historical Volatility
2022-07-19,0.12306107676221073,0.1382684408296115,GARCH
2022-07-19,0.12306107676221073,0.1365271433137744,Random Forest
2022-07-19,0.12306107676221073,0.1326894909143448,XGBoost
2022-07-19,0.12306107676221073,0.1419309377670288,Hybrid GARCH+ML
2022-07-20,0.11687043371640977,0.10278241312163297,Historical Volatility
2022-07-20,0.11687043371640977,0.1382684408296115,GARCH
2022-07-20,0.11687043371640977,0.11915072377977108,Random Forest
2022-07-20,0.11687043371640977,0.09059353172779083,XGBoost
2022-07-20,0.11687043371640977,0.09774214774370193,Hybrid GARCH+ML
2022-07-21,0.164823170495574,0.10071496612187875,Historical Volatility
2022-07-21,0.164823170495574,0.1382684408296115,GARCH
2022-07-21,0.164823170495574,0.10898808813580498,Random Forest
2022-07-21,0.164823170495574,0.09629696607589722,XGBoost
2022-07-21,0.164823170495574,0.09253519773483276,Hybrid GARCH+ML
2022-07-22,0.18403816241971388,0.09927379626851111,Historical Volatility
2022-07-22,0.18403816241971388,0.1382684408296115,GARCH
2022-07-22,0.18403816241971388,0.10754917661605017,Random Forest
2022-07-22,0.18403816241971388,0.09425285458564758,XGBoost
2022-07-22,0.18403816241971388,0.09232350438833237,Hybrid GARCH+ML
2022-07-25,0.19506624048387608,0.10153187768490272,Historical Volatility
2022-07-25,0.19506624048387608,0.1382684408296115,GARCH
2022-07-25,0.19506624048387608,0.11743233492095637,Random Forest
2022-07-25,0.19506624048387608,0.09872525185346603,XGBoost
2022-07-25,0.19506624048387608,0.10235686600208282,Hybrid GARCH+ML
2022-07-26,0.18459385903065093,0.10921206833325804,Historical Volatility
2022-07-26,0.18459385903065093,0.1382684408296115,GARCH
2022-07-26,0.18459385903065093,0.12355733163104997,Random Forest
2022-07-26,0.18459385903065093,0.11657106131315231,XGBoost
2022-07-26,0.18459385903065093,0.12086553871631622,Hybrid GARCH+ML
2022-07-27,0.1726149325753833,0.1105596649398211,Historical Volatility
2022-07-27,0.1726149325753833,0.1382684408296115,GARCH
2022-07-27,0.1726149325753833,0.12477631179126764,Random Forest
2022-07-27,0.1726149325753833,0.11530116200447083,XGBoost
2022-07-27,0.1726149325753833,0.1242876723408699,Hybrid GARCH+ML
2022-07-28,0.12241544723500485,0.12089918989464096,Historical Volatility
2022-07-28,0.12241544723500485,0.1382684408296115,GARCH
2022-07-28,0.12241544723500485,0.10936193609031043,Random Forest
2022-07-28,0.12241544723500485,0.1013207882642746,XGBoost
2022-07-28,0.12241544723500485,0.10891991853713989,Hybrid GARCH+ML
2022-07-29,0.07716688166681253,0.12405731748803094,Historical Volatility
2022-07-29,0.07716688166681253,0.1382684408296115,GARCH
2022-07-29,0.07716688166681253,0.11392696489593561,Random Forest
2022-07-29,0.07716688166681253,0.09054405242204666,XGBoost
2022-07-29,0.07716688166681253,0.1058976873755455,Hybrid GARCH+ML
2022-08-01,0.05520273643906811,0.12601220307394875,Historical Volatility
2022-08-01,0.05520273643906811,0.1382684408296115,GARCH
2022-08-01,0.05520273643906811,0.11258907048128583,Random Forest
2022-08-01,0.05520273643906811,0.08027427643537521,XGBoost
2022-08-01,0.05520273643906811,0.08965679258108139,Hybrid GARCH+ML
2022-08-02,0.055296770946973495,0.12498950591499307,Historical Volatility
2022-08-02,0.055296770946973495,0.1382684408296115,GARCH
2022-08-02,0.055296770946973495,0.11174592041047736,Random Forest
2022-08-02,0.055296770946973495,0.09889260679483414,XGBoost
2022-08-02,0.055296770946973495,0.10723017901182175,Hybrid GARCH+ML
2022-08-03,0.07256598292988482,0.1226862999557187,Historical Volatility
2022-08-03,0.07256598292988482,0.1382684408296115,GARCH
2022-08-03,0.07256598292988482,0.1078918848136928,Random Forest
2022-08-03,0.07256598292988482,0.09792128205299377,XGBoost
2022-08-03,0.07256598292988482,0.10496325045824051,Hybrid GARCH+ML
2022-08-04,0.07420708389315867,0.12236778692042738,Historical Volatility
2022-08-04,0.07420708389315867,0.1382684408296115,GARCH
2022-08-04,0.07420708389315867,0.10982500729107113,Random Forest
2022-08-04,0.07420708389315867,0.10954877734184265,XGBoost
2022-08-04,0.07420708389315867,0.11540801078081131,Hybrid GARCH+ML
2022-08-05,0.08970755623581109,0.12259301893893138,Historical Volatility
2022-08-05,0.08970755623581109,0.1382684408296115,GARCH
2022-08-05,0.08970755623581109,0.10634463656468247,Random Forest
2022-08-05,0.08970755623581109,0.1087196096777916,XGBoost
2022-08-05,0.08970755623581109,0.11953237652778625,Hybrid GARCH+ML
2022-08-08,0.08710542679065086,0.1224450918190435,Historical Volatility
2022-08-08,0.08710542679065086,0.1382684408296115,GARCH
2022-08-08,0.08710542679065086,0.1144554368517349,Random Forest
2022-08-08,0.08710542679065086,0.11536600440740585,XGBoost
2022-08-08,0.08710542679065086,0.12197132408618927,Hybrid GARCH+ML
2022-08-10,0.08715247223652445,0.11223419465497551,Historical Volatility
2022-08-10,0.08715247223652445,0.1382684408296115,GARCH
2022-08-10,0.08715247223652445,0.11375099245662834,Random Forest
2022-08-10,0.08715247223652445,0.122169129550457,XGBoost
2022-08-10,0.08715247223652445,0.13118281960487366,Hybrid GARCH+ML
2022-08-11,0.10621772773949274,0.10594063562919508,Historical Volatility
2022-08-11,0.10621772773949274,0.1382684408296115,GARCH
2022-08-11,0.10621772773949274,0.11612849776397803,Random Forest
2022-08-11,0.10621772773949274,0.11799805611371994,XGBoost
2022-08-11,0.10621772773949274,0.13775478303432465,Hybrid GARCH+ML
2022-08-12,0.15055702517520145,0.10347330299691426,Historical Volatility
2022-08-12,0.15055702517520145,0.1382684408296115,GARCH
2022-08-12,0.15055702517520145,0.11566668749791419,Random Forest
2022-08-12,0.15055702517520145,0.1149558275938034,XGBoost
2022-08-12,0.15055702517520145,0.13374067842960358,Hybrid GARCH+ML
2022-08-16,0.14601969790072009,0.10352930312277032,Historical Volatility
2022-08-16,0.14601969790072009,0.1382684408296115,GARCH
2022-08-16,0.14601969790072009,0.1135134785048601,Random Forest
2022-08-16,0.14601969790072009,0.11542538553476334,XGBoost
2022-08-16,0.14601969790072009,0.13073395192623138,Hybrid GARCH+ML
2022-09-15,0.17179212217585996,0.10659880908185289,Historical Volatility
2022-09-15,0.17179212217585996,0.12745494729524817,GARCH
2022-09-15,0.17179212217585996,0.14938652430372948,Random Forest
2022-09-15,0.17179212217585996,0.15332159399986267,XGBoost
2022-09-15,0.17179212217585996,0.1744575947523117,Hybrid GARCH+ML
2022-09-16,0.15903447451274028,0.1359685490318493,Historical Volatility
2022-09-16,0.15903447451274028,0.12745494729524817,GARCH
2022-09-16,0.15903447451274028,0.16815062196174108,Random Forest
2022-09-16,0.15903447451274028,0.15935903787612915,XGBoost
2022-09-16,0.15903447451274028,0.17266373336315155,Hybrid GARCH+ML
2022-09-19,0.20116386811234002,0.13299997284834625,Historical Volatility
2022-09-19,0.20116386811234002,0.12745494729524817,GARCH
2022-09-19,0.20116386811234002,0.1421324808377901,Random Forest
2022-09-19,0.20116386811234002,0.13536988198757172,XGBoost
2022-09-19,0.20116386811234002,0.13912203907966614,Hybrid GARCH+ML
2022-09-20,0.18557773877062173,0.13597101562404137,Historical Volatility
2022-09-20,0.18557773877062173,0.12745494729524817,GARCH
2022-09-20,0.18557773877062173,0.13357299946899612,Random Forest
2022-09-20,0.18557773877062173,0.12558627128601074,XGBoost
2022-09-20,0.18557773877062173,0.12730881571769714,Hybrid GARCH+ML
2022-09-21,0.19183564038828246,0.1384100387000094,Historical Volatility
2022-09-21,0.19183564038828246,0.12745494729524817,GARCH
2022-09-21,0.19183564038828246,0.1342816185219864,Random Forest
2022-09-21,0.19183564038828246,0.128456249833107,XGBoost
2022-09-21,0.19183564038828246,0.13617613911628723,Hybrid GARCH+ML
2022-09-22,0.18928122753975468,0.1381965739069757,Historical Volatility
2022-09-22,0.18928122753975468,0.12745494729524817,GARCH
2022-09-22,0.18928122753975468,0.13640929339638194,Random Forest
2022-09-22,0.18928122753975468,0.13361482322216034,XGBoost
2022-09-22,0.18928122753975468,0.13810859620571136,Hybrid GARCH+ML
2022-09-23,0.18469812025310012,0.15005066357076935,Historical Volatility
2022-09-23,0.18469812025310012,0.12745494729524817,GARCH
2022-09-23,0.18469812025310012,0.15051460113504428,Random Forest
2022-09-23,0.18469812025310012,0.1442304253578186,XGBoost
2022-09-23,0.18469812025310012,0.14943000674247742,Hybrid GARCH+ML
2022-09-26,0.15829223145699572,0.16315265527788542,Historical Volatility
2022-09-26,0.15829223145699572,0.12745494729524817,GARCH
2022-09-26,0.15829223145699572,0.1647740390730602,Random Forest
2022-09-26,0.15829223145699572,0.16531378030776978,XGBoost
2022-09-26,0.15829223145699572,0.16477060317993164,Hybrid GARCH+ML
2022-09-27,0.22563378115764307,0.1510108317862836,Historical Volatility
2022-09-27,0.22563378115764307,0.12745494729524817,GARCH
2022-09-27,0.22563378115764307,0.16502166219036105,Random Forest
2022-09-27,0.22563378115764307,0.1795687973499298,XGBoost
2022-09-27,0.22563378115764307,0.18736957013607025,Hybrid GARCH+ML
2022-09-28,0.2181172224143107,0.14476220933591144,Historical Volatility
2022-09-28,0.2181172224143107,0.12745494729524817,GARCH
2022-09-28,0.2181172224143107,0.16699178147509153,Random Forest
2022-09-28,0.2181172224143107,0.18268220126628876,XGBoost
2022-09-28,0.2181172224143107,0.19074498116970062,Hybrid GARCH+ML
2022-09-29,0.21756137672229497,0.13774892210501333,Historical Volatility
2022-09-29,0.21756137672229497,0.12745494729524817,GARCH
2022-09-29,0.21756137672229497,0.16722948555097594,Random Forest
2022-09-29,0.21756137672229497,0.1794874370098114,XGBoost
2022-09-29,0.21756137672229497,0.18471574783325195,Hybrid GARCH+ML
2022-09-30,0.1867367429659172,0.15226192008974812,Historical Volatility
2022-09-30,0.1867367429659172,0.12745494729524817,GARCH
2022-09-30,0.1867367429659172,0.17278054115202696,Random Forest
2022-09-30,0.1867367429659172,0.1844901144504547,XGBoost
2022-09-30,0.1867367429659172,0.19179578125476837,Hybrid GARCH+ML
2022-10-03,0.1969717728261202,0.15637550625819516,Historical Volatility
2022-10-03,0.1969717728261202,0.12745494729524817,GARCH
2022-10-03,0.1969717728261202,0.17326761650591516,Random Forest
2022-10-03,0.1969717728261202,0.18032291531562805,XGBoost
2022-10-03,0.1969717728261202,0.18192505836486816,Hybrid GARCH+ML
2022-10-04,0.12778500452144437,0.1791754073685341,Historical Volatility
2022-10-04,0.12778500452144437,0.12745494729524817,GARCH
2022-10-04,0.12778500452144437,0.15666619752414399,Random Forest
2022-10-04,0.12778500452144437,0.14834459125995636,XGBoost
2022-10-04,0.12778500452144437,0.15020465850830078,Hybrid GARCH+ML
2022-10-06,0.13355581873038533,0.17968866917232548,Historical Volatility
2022-10-06,0.13355581873038533,0.12745494729524817,GARCH
2022-10-06,0.13355581873038533,0.15110065848090307,Random Forest
2022-10-06,0.13355581873038533,0.14901499450206757,XGBoost
2022-10-06,0.13355581873038533,0.14982502162456512,Hybrid GARCH+ML
2022-10-07,0.1511570614943128,0.17718859185352223,Historical Volatility
2022-10-07,0.1511570614943128,0.12745494729524817,GARCH
2022-10-07,0.1511570614943128,0.15435260242282606,Random Forest
2022-10-07,0.1511570614943128,0.14913299679756165,XGBoost
2022-10-07,0.1511570614943128,0.1534346491098404,Hybrid GARCH+ML
2022-10-10,0.15692806603647047,0.17741669111598862,Historical Volatility
2022-10-10,0.15692806603647047,0.12745494729524817,GARCH
2022-10-10,0.15692806603647047,0.16050820756388678,Random Forest
2022-10-10,0.15692806603647047,0.15721534192562103,XGBoost
2022-10-10,0.15692806603647047,0.1619408130645752,Hybrid GARCH+ML
2022-10-11,0.13537166734102518,0.18084806008719287,Historical Volatility
2022-10-11,0.13537166734102518,0.12745494729524817,GARCH
2022-10-11,0.13537166734102518,0.16492919050692986,Random Forest
2022-10-11,0.13537166734102518,0.15607783198356628,XGBoost
2022-10-11,0.13537166734102518,0.16198702156543732,Hybrid GARCH+ML
2022-10-12,0.12260401175886292,0.18412258269126594,Historical Volatility
2022-10-12,0.12260401175886292,0.12745494729524817,GARCH
2022-10-12,0.12260401175886292,0.1833532610305917,Random Forest
2022-10-12,0.12260401175886292,0.17725837230682373,XGBoost
2022-10-12,0.12260401175886292,0.17914357781410217,Hybrid GARCH+ML
2022-10-13,0.11577988418351097,0.1813033456864553,Historical Volatility
2022-10-13,0.11577988418351097,0.12745494729524817,GARCH
2022-10-13,0.11577988418351097,0.16806865025189383,Random Forest
2022-10-13,0.11577988418351097,0.17045646905899048,XGBoost
2022-10-13,0.11577988418351097,0.17592684924602509,Hybrid GARCH+ML
2022-10-14,0.09148327119376026,0.18609385092864594,Historical Volatility
2022-10-14,0.09148327119376026,0.16693001097438748,GARCH
2022-10-14,0.09148327119376026,0.15350621252970392,Random Forest
2022-10-14,0.09148327119376026,0.1500447690486908,XGBoost
2022-10-14,0.09148327119376026,0.15979188680648804,Hybrid GARCH+ML
2022-10-17,0.09763844089227988,0.17659348027563385,Historical Volatility
2022-10-17,0.09763844089227988,0.16693001097438748,GARCH
2022-10-17,0.09763844089227988,0.15827584083872737,Random Forest
2022-10-17,0.09763844089227988,0.16986633837223053,XGBoost
2022-10-17,0.09763844089227988,0.18983906507492065,Hybrid GARCH+ML
2022-10-18,0.07291923841852009,0.17954401261087483,Historical Volatility
2022-10-18,0.07291923841852009,0.16693001097438748,GARCH
2022-10-18,0.07291923841852009,0.14857717803950474,Random Forest
2022-10-18,0.07291923841852009,0.15496277809143066,XGBoost
2022-10-18,0.07291923841852009,0.16963623464107513,Hybrid GARCH+ML
2022-10-19,0.07910337322212083,0.17469073363277968,Historical Volatility
2022-10-19,0.07910337322212083,0.16693001097438748,GARCH
2022-10-19,0.07910337322212083,0.14653737411929865,Random Forest
2022-10-19,0.07910337322212083,0.15308111906051636,XGBoost
2022-10-19,0.07910337322212083,0.17253378033638,Hybrid GARCH+ML
2022-10-20,0.07884416790458856,0.17428435108880988,Historical Volatility
2022-10-20,0.07884416790458856,0.16693001097438748,GARCH
2022-10-20,0.07884416790458856,0.14188900267041618,Random Forest
2022-10-20,0.07884416790458856,0.15096665918827057,XGBoost
2022-10-20,0.07884416790458856,0.174757182598114,Hybrid GARCH+ML
2022-10-21,0.1190949873581503,0.17347433040263247,Historical Volatility
2022-10-21,0.1190949873581503,0.16693001097438748,GARCH
2022-10-21,0.1190949873581503,0.14219732453186085,Random Forest
2022-10-21,0.1190949873581503,0.1552642583847046,XGBoost
2022-10-21,0.1190949873581503,0.17094622552394867,Hybrid GARCH+ML
2022-10-24,0.11428798119818212,0.16368210183124637,Historical Volatility
2022-10-24,0.11428798119818212,0.16693001097438748,GARCH
2022-10-24,0.11428798119818212,0.1316758327043869,Random Forest
2022-10-24,0.11428798119818212,0.1251714527606964,XGBoost
2022-10-24,0.11428798119818212,0.13778546452522278,Hybrid GARCH+ML
2022-10-25,0.11301138236399196,0.1487326675372481,Historical Volatility
2022-10-25,0.11301138236399196,0.16693001097438748,GARCH
2022-10-25,0.11301138236399196,0.1302752814613089,Random Forest
2022-10-25,0.11301138236399196,0.1262839436531067,XGBoost
2022-10-25,0.11301138236399196,0.13988038897514343,Hybrid GARCH+ML
2022-10-27,0.10893319365265126,0.14875192749219884,Historical Volatility
2022-10-27,0.10893319365265126,0.16693001097438748,GARCH
2022-10-27,0.10893319365265126,0.12309105294285301,Random Forest
2022-10-27,0.10893319365265126,0.11785261332988739,XGBoost
2022-10-27,0.10893319365265126,0.13144627213478088,Hybrid GARCH+ML
2022-10-28,0.11004335226298138,0.1430816374765034,Historical Volatility
2022-10-28,0.11004335226298138,0.16693001097438748,GARCH
2022-10-28,0.11004335226298138,0.12095328474817797,Random Forest
2022-10-28,0.11004335226298138,0.11639661341905594,XGBoost
2022-10-28,0.11004335226298138,0.13432683050632477,Hybrid GARCH+ML
2022-10-31,0.07237789865766392,0.1458887542719641,Historical Volatility
2022-10-31,0.07237789865766392,0.16693001097438748,GARCH
2022-10-31,0.07237789865766392,0.11907516108900541,Random Forest
2022-10-31,0.07237789865766392,0.10279342532157898,XGBoost
2022-10-31,0.07237789865766392,0.11640331894159317,Hybrid GARCH+ML
2022-11-01,0.05312696976656584,0.13871574125657965,Historical Volatility
2022-11-01,0.05312696976656584,0.16693001097438748,GARCH
2022-11-01,0.05312696976656584,0.09113377830895228,Random Forest
2022-11-01,0.05312696976656584,0.08794818818569183,XGBoost
2022-11-01,0.05312696976656584,0.09512237459421158,Hybrid GARCH+ML
2022-11-02,0.0691069922825203,0.12919026694874242,Historical Volatility
2022-11-02,0.0691069922825203,0.16693001097438748,GARCH
2022-11-02,0.0691069922825203,0.1002711615203443,Random Forest
2022-11-02,0.0691069922825203,0.0949331521987915,XGBoost
2022-11-02,0.0691069922825203,0.10278398543596268,Hybrid GARCH+ML
2022-11-03,0.14276730240148777,0.10832346512926284,Historical Volatility
2022-11-03,0.14276730240148777,0.16693001097438748,GARCH
2022-11-03,0.14276730240148777,0.104797600766203,Random Forest
2022-11-03,0.14276730240148777,0.1017235592007637,XGBoost
2022-11-03,0.14276730240148777,0.10482436418533325,Hybrid GARCH+ML
2022-11-04,0.14073258449768952,0.10835981633967567,Historical Volatility
2022-11-04,0.14073258449768952,0.16693001097438748,GARCH
2022-11-04,0.14073258449768952,0.10061888872819909,Random Forest
2022-11-04,0.14073258449768952,0.09750952571630478,XGBoost
2022-11-04,0.14073258449768952,0.10286211222410202,Hybrid GARCH+ML
2022-11-07,0.13967191737311954,0.10801334582778215,Historical Volatility
2022-11-07,0.13967191737311954,0.16693001097438748,GARCH
2022-11-07,0.13967191737311954,0.10104369283581668,Random Forest
2022-11-07,0.13967191737311954,0.10073823481798172,XGBoost
2022-11-07,0.13967191737311954,0.10994905233383179,Hybrid GARCH+ML
2022-11-09,0.13854302771535612,0.10673508430151718,Historical Volatility
2022-11-09,0.13854302771535612,0.16693001097438748,GARCH
2022-11-09,0.13854302771535612,0.10780918311975815,Random Forest
2022-11-09,0.13854302771535612,0.10451621562242508,XGBoost
2022-11-09,0.13854302771535612,0.11450721323490143,Hybrid GARCH+ML
2022-11-10,0.13147270156528867,0.0920683221593289,Historical Volatility
2022-11-10,0.13147270156528867,0.16693001097438748,GARCH
2022-11-10,0.13147270156528867,0.109426325082826,Random Forest
2022-11-10,0.13147270156528867,0.10715889930725098,XGBoost
2022-11-10,0.13147270156528867,0.12165338546037674,Hybrid GARCH+ML
2022-11-11,0.041655774673369304,0.10448639582782367,Historical Volatility
2022-11-11,0.041655774673369304,0.16693001097438748,GARCH
2022-11-11,0.041655774673369304,0.09976463963037598,Random Forest
2022-11-11,0.041655774673369304,0.08968572318553925,XGBoost
2022-11-11,0.041655774673369304,0.09556247293949127,Hybrid GARCH+ML
2022-11-14,0.07056231030188058,0.0994380451305884,Historical Volatility
2022-11-14,0.07056231030188058,0.16693001097438748,GARCH
2022-11-14,0.07056231030188058,0.10393874822229705,Random Forest
2022-11-14,0.07056231030188058,0.10084890574216843,XGBoost
2022-11-14,0.07056231030188058,0.10643433034420013,Hybrid GARCH+ML
2022-11-15,0.07235386293403505,0.09664052433951291,Historical Volatility
2022-11-15,0.07235386293403505,0.1373226734905997,GARCH
2022-11-15,0.07235386293403505,0.09942137506349687,Random Forest
2022-11-15,0.07235386293403505,0.09160230308771133,XGBoost
2022-11-15,0.07235386293403505,0.09470479935407639,Hybrid GARCH+ML
2022-11-16,0.07286716578203369,0.09608731390664778,Historical Volatility
2022-11-16,0.07286716578203369,0.1373226734905997,GARCH
2022-11-16,0.07286716578203369,0.09975004824324371,Random Forest
2022-11-16,0.07286716578203369,0.09239813685417175,XGBoost
2022-11-16,0.07286716578203369,0.0954035073518753,Hybrid GARCH+ML
2022-11-17,0.10808966266860837,0.09511993877164916,Historical Volatility
2022-11-17,0.10808966266860837,0.1373226734905997,GARCH
2022-11-17,0.10808966266860837,0.10207813743362959,Random Forest
2022-11-17,0.10808966266860837,0.10203129053115845,XGBoost
2022-11-17,0.10808966266860837,0.10298747569322586,Hybrid GARCH+ML
2022-11-18,0.10773609959907825,0.09634033301860796,Historical Volatility
2022-11-18,0.10773609959907825,0.1373226734905997,GARCH
2022-11-18,0.10773609959907825,0.10516110374238455,Random Forest
2022-11-18,0.10773609959907825,0.10757014155387878,XGBoost
2022-11-18,0.10773609959907825,0.11793266236782074,Hybrid GARCH+ML
2022-11-21,0.09309463154883449,0.10298755593485646,Historical Volatility
2022-11-21,0.09309463154883449,0.1373226734905997,GARCH
2022-11-21,0.09309463154883449,0.10774014379330307,Random Forest
2022-11-21,0.09309463154883449,0.10853368043899536,XGBoost
2022-11-21,0.09309463154883449,0.12135639786720276,Hybrid GARCH+ML
2022-11-22,0.08962602329695127,0.10344112745183515,Historical Volatility
2022-11-22,0.08962602329695127,0.1373226734905997,GARCH
2022-11-22,0.08962602329695127,0.10246319863881367,Random Forest
2022-11-22,0.08962602329695127,0.10493981838226318,XGBoost
2022-11-22,0.08962602329695127,0.11966116726398468,Hybrid GARCH+ML
2022-11-23,0.10388963115891102,0.1001955145316979,Historical Volatility
2022-11-23,0.10388963115891102,0.1373226734905997,GARCH
2022-11-23,0.10388963115891102,0.10319551517781794,Random Forest
2022-11-23,0.10388963115891102,0.10449115186929703,XGBoost
2022-11-23,0.10388963115891102,0.11943751573562622,Hybrid GARCH+ML
2022-11-24,0.06475264558880016,0.10415851327440333,Historical Volatility
2022-11-24,0.06475264558880016,0.1373226734905997,GARCH
2022-11-24,0.06475264558880016,0.10737299435087769,Random Forest
2022-11-24,0.06475264558880016,0.10216405987739563,XGBoost
2022-11-24,0.06475264558880016,0.11063043028116226,Hybrid GARCH+ML
2022-11-25,0.07754688946796273,0.10383803931568987,Historical Volatility
2022-11-25,0.07754688946796273,0.1373226734905997,GARCH
2022-11-25,0.07754688946796273,0.10744606246075145,Random Forest
2022-11-25,0.07754688946796273,0.108991339802742,XGBoost
2022-11-25,0.07754688946796273,0.11330339312553406,Hybrid GARCH+ML
2022-11-28,0.07516913765778147,0.10382945172865475,Historical Volatility
2022-11-28,0.07516913765778147,0.1373226734905997,GARCH
2022-11-28,0.07516913765778147,0.10375285555709228,Random Forest
2022-11-28,0.07516913765778147,0.10602813214063644,XGBoost
2022-11-28,0.07516913765778147,0.11390332877635956,Hybrid GARCH+ML
2022-11-29,0.0754704044992107,0.09632281496166226,Historical Volatility
2022-11-29,0.0754704044992107,0.1373226734905997,GARCH
2022-11-29,0.0754704044992107,0.10535800916768609,Random Forest
2022-11-29,0.0754704044992107,0.11087223887443542,XGBoost
2022-11-29,0.0754704044992107,0.10876579582691193,Hybrid GARCH+ML
2022-11-30,0.0619723588628577,0.09643380753479815,Historical Volatility
2022-11-30,0.0619723588628577,0.1373226734905997,GARCH
2022-11-30,0.0619723588628577,0.09511816848156536,Random Forest
2022-11-30,0.0619723588628577,0.09265657514333725,XGBoost
2022-11-30,0.0619723588628577,0.0955883339047432,Hybrid GARCH+ML
2022-12-01,0.061400239557630104,0.0945819399483616,Historical Volatility
2022-12-01,0.061400239557630104,0.1373226734905997,GARCH
2022-12-01,0.061400239557630104,0.09933546172369428,Random Forest
2022-12-01,0.061400239557630104,0.09275898337364197,XGBoost
2022-12-01,0.061400239557630104,0.09882224351167679,Hybrid GARCH+ML
2022-12-02,0.060744328411128715,0.09820469432482395,Historical Volatility
2022-12-02,0.060744328411128715,0.1373226734905997,GARCH
2022-12-02,0.060744328411128715,0.10113505535705594,Random Forest
2022-12-02,0.060744328411128715,0.09715094417333603,XGBoost
2022-12-02,0.060744328411128715,0.10691552609205246,Hybrid GARCH+ML
2022-12-05,0.06071560280144582,0.09809512082703516,Historical Volatility
2022-12-05,0.06071560280144582,0.1373226734905997,GARCH
2022-12-05,0.06071560280144582,0.1050319170607318,Random Forest
2022-12-05,0.06071560280144582,0.09990370273590088,XGBoost
2022-12-05,0.06071560280144582,0.1095820739865303,Hybrid GARCH+ML
2022-12-06,0.07067020058472519,0.0987216543266096,Historical Volatility
2022-12-06,0.07067020058472519,0.1373226734905997,GARCH
2022-12-06,0.07067020058472519,0.10220846132688777,Random Forest
2022-12-06,0.07067020058472519,0.10035290569067001,XGBoost
2022-12-06,0.07067020058472519,0.1128392219543457,Hybrid GARCH+ML
2022-12-07,0.0663772230237838,0.09989470046794983,Historical Volatility
2022-12-07,0.0663772230237838,0.1373226734905997,GARCH
2022-12-07,0.0663772230237838,0.10325256995786415,Random Forest
2022-12-07,0.0663772230237838,0.10631068795919418,XGBoost
2022-12-07,0.0663772230237838,0.11990182846784592,Hybrid GARCH+ML
2022-12-08,0.11353543565803802,0.09513799945814057,Historical Volatility
2022-12-08,0.11353543565803802,0.1373226734905997,GARCH
2022-12-08,0.11353543565803802,0.10840416771200162,Random Forest
2022-12-08,0.11353543565803802,0.10533331334590912,XGBoost
2022-12-08,0.11353543565803802,0.12060078978538513,Hybrid GARCH+ML
2022-12-09,0.11923890115900974,0.07760466921249007,Historical Volatility
2022-12-09,0.11923890115900974,0.1373226734905997,GARCH
2022-12-09,0.11923890115900974,0.11444756719224795,Random Forest
2022-12-09,0.11923890115900974,0.12816855311393738,XGBoost
2022-12-09,0.11923890115900974,0.14495281875133514,Hybrid GARCH+ML
2022-12-12,0.13286471426611246,0.07741319654308375,Historical Volatility
2022-12-12,0.13286471426611246,0.1373226734905997,GARCH
2022-12-12,0.13286471426611246,0.11241833377588588,Random Forest
2022-12-12,0.13286471426611246,0.11743128299713135,XGBoost
2022-12-12,0.13286471426611246,0.1382872313261032,Hybrid GARCH+ML
2022-12-13,0.1266397616694479,0.07889020376539878,Historical Volatility
2022-12-13,0.1266397616694479,0.11292645794035813,GARCH
2022-12-13,0.1266397616694479,0.10753583324177363,Random Forest
2022-12-13,0.1266397616694479,0.11475033313035965,XGBoost
2022-12-13,0.1266397616694479,0.13230493664741516,Hybrid GARCH+ML
2022-12-14,0.1444403154373295,0.07928683929842263,Historical Volatility
2022-12-14,0.1444403154373295,0.11292645794035813,GARCH
2022-12-14,0.1444403154373295,0.10502233474094037,Random Forest
2022-12-14,0.1444403154373295,0.1088624820113182,XGBoost
2022-12-14,0.1444403154373295,0.11347009241580963,Hybrid GARCH+ML
2022-12-15,0.1132118653079424,0.09247895775502898,Historical Volatility
2022-12-15,0.1132118653079424,0.11292645794035813,GARCH
2022-12-15,0.1132118653079424,0.12623279333872925,Random Forest
2022-12-15,0.1132118653079424,0.1336871236562729,XGBoost
2022-12-15,0.1132118653079424,0.14927974343299866,Hybrid GARCH+ML
2022-12-16,0.16022162035147516,0.09667787099299092,Historical Volatility
2022-12-16,0.16022162035147516,0.11292645794035813,GARCH
2022-12-16,0.16022162035147516,0.12625479444397322,Random Forest
2022-12-16,0.16022162035147516,0.13018155097961426,XGBoost
2022-12-16,0.16022162035147516,0.14587204158306122,Hybrid GARCH+ML
2022-12-19,0.17035271736664398,0.09617038458825852,Historical Volatility
2022-12-19,0.17035271736664398,0.11292645794035813,GARCH
2022-12-19,0.17035271736664398,0.11648374465215193,Random Forest
2022-12-19,0.17035271736664398,0.11424954980611801,XGBoost
2022-12-19,0.17035271736664398,0.1257811039686203,Hybrid GARCH+ML
2022-12-20,0.17599354835186357,0.09543657981919976,Historical Volatility
2022-12-20,0.17599354835186357,0.11292645794035813,GARCH
2022-12-20,0.17599354835186357,0.1232372864402266,Random Forest
2022-12-20,0.17599354835186357,0.11628197133541107,XGBoost
2022-12-20,0.17599354835186357,0.13465633988380432,Hybrid GARCH+ML
2022-12-21,0.16051807283133523,0.10242759115148645,Historical Volatility
2022-12-21,0.16051807283133523,0.11292645794035813,GARCH
2022-12-21,0.16051807283133523,0.12858411741053194,Random Forest
2022-12-21,0.16051807283133523,0.12681542336940765,XGBoost
2022-12-21,0.16051807283133523,0.1394234001636505,Hybrid GARCH+ML
2022-12-22,0.16030261125271972,0.09278294052733085,Historical Volatility
2022-12-22,0.16030261125271972,0.11292645794035813,GARCH
2022-12-22,0.16030261125271972,0.1333418460354606,Random Forest
2022-12-22,0.16030261125271972,0.145045205950737,XGBoost
2022-12-22,0.16030261125271972,0.16209349036216736,Hybrid GARCH+ML
2022-12-23,0.10381594686617338,0.10976417046379053,Historical Volatility
2022-12-23,0.10381594686617338,0.11292645794035813,GARCH
2022-12-23,0.10381594686617338,0.14411060727676098,Random Forest
2022-12-23,0.10381594686617338,0.14460909366607666,XGBoost
2022-12-23,0.10381594686617338,0.15038901567459106,Hybrid GARCH+ML
2022-12-26,0.07274922206886432,0.11892693301448946,Historical Volatility
2022-12-26,0.07274922206886432,0.11292645794035813,GARCH
2022-12-26,0.07274922206886432,0.13756827586329462,Random Forest
2022-12-26,0.07274922206886432,0.13114987313747406,XGBoost
2022-12-26,0.07274922206886432,0.142927348613739,Hybrid GARCH+ML
2022-12-27,0.057810730353567534,0.12133055866247436,Historical Volatility
2022-12-27,0.057810730353567534,0.11292645794035813,GARCH
2022-12-27,0.057810730353567534,0.13811456182599074,Random Forest
2022-12-27,0.057810730353567534,0.1373586803674698,XGBoost
2022-12-27,0.057810730353567534,0.140525683760643,Hybrid GARCH+ML
2022-12-28,0.09399393506464174,0.116843118200455,Historical Volatility
2022-12-28,0.09399393506464174,0.11292645794035813,GARCH
2022-12-28,0.09399393506464174,0.14097041160563678,Random Forest
2022-12-28,0.09399393506464174,0.13898883759975433,XGBoost
2022-12-28,0.09399393506464174,0.1527732014656067,Hybrid GARCH+ML
2022-12-29,0.0922937388799758,0.11735021516550219,Historical Volatility
2022-12-29,0.0922937388799758,0.11292645794035813,GARCH
2022-12-29,0.0922937388799758,0.13731389850649484,Random Forest
2022-12-29,0.0922937388799758,0.14285828173160553,XGBoost
2022-12-29,0.0922937388799758,0.1449788212776184,Hybrid GARCH+ML
2022-12-30,0.10077833044210781,0.11670726854795607,Historical Volatility
2022-12-30,0.10077833044210781,0.11292645794035813,GARCH
2022-12-30,0.10077833044210781,0.1420408892871775,Random Forest
2022-12-30,0.10077833044210781,0.1442110389471054,XGBoost
2022-12-30,0.10077833044210781,0.14725135266780853,Hybrid GARCH+ML
2023-01-02,0.13404721751649445,0.11895821897459989,Historical Volatility
2023-01-02,0.13404721751649445,0.11292645794035813,GARCH
2023-01-02,0.13404721751649445,0.13564495521559872,Random Forest
2023-01-02,0.13404721751649445,0.13686507940292358,XGBoost
2023-01-02,0.13404721751649445,0.14050686359405518,Hybrid GARCH+ML
2023-01-03,0.15237917896007008,0.11931855841196244,Historical Volatility
2023-01-03,0.15237917896007008,0.11292645794035813,GARCH
2023-01-03,0.15237917896007008,0.1326271585813117,Random Forest
2023-01-03,0.15237917896007008,0.13608089089393616,XGBoost
2023-01-03,0.15237917896007008,0.14033916592597961,Hybrid GARCH+ML
2023-01-04,0.13328700008226252,0.1233889479931037,Historical Volatility
2023-01-04,0.13328700008226252,0.11292645794035813,GARCH
2023-01-04,0.13328700008226252,0.14237377330897863,Random Forest
2023-01-04,0.13328700008226252,0.15899041295051575,XGBoost
2023-01-04,0.13328700008226252,0.16320398449897766,Hybrid GARCH+ML
2023-01-05,0.13261433945333628,0.12253409116932092,Historical Volatility
2023-01-05,0.13261433945333628,0.11292645794035813,GARCH
2023-01-05,0.13261433945333628,0.15015813980332576,Random Forest
2023-01-05,0.13261433945333628,0.16447776556015015,XGBoost
2023-01-05,0.13261433945333628,0.17308899760246277,Hybrid GARCH+ML
2023-01-06,0.12785286627749226,0.12325235363929832,Historical Volatility
2023-01-06,0.12785286627749226,0.11292645794035813,GARCH
2023-01-06,0.12785286627749226,0.15668292039658194,Random Forest
2023-01-06,0.12785286627749226,0.17015191912651062,XGBoost
2023-01-06,0.12785286627749226,0.18199889361858368,Hybrid GARCH+ML
2023-01-09,0.08850480199911365,0.13451106458213477,Historical Volatility
2023-01-09,0.08850480199911365,0.11292645794035813,GARCH
2023-01-09,0.08850480199911365,0.15163261475519285,Random Forest
2023-01-09,0.08850480199911365,0.15475022792816162,XGBoost
2023-01-09,0.08850480199911365,0.15514995157718658,Hybrid GARCH+ML
2023-01-10,0.07944809735187672,0.13566002842309186,Historical Volatility
2023-01-10,0.07944809735187672,0.13878485071525382,GARCH
2023-01-10,0.07944809735187672,0.14704630714286065,Random Forest
2023-01-10,0.07944809735187672,0.1496923565864563,XGBoost
2023-01-10,0.07944809735187672,0.16268803179264069,Hybrid GARCH+ML
2023-01-11,0.09048741308449935,0.13457370148221884,Historical Volatility
2023-01-11,0.09048741308449935,0.13878485071525382,GARCH
2023-01-11,0.09048741308449935,0.14816582109664697,Random Forest
2023-01-11,0.09048741308449935,0.1515551507472992,XGBoost
2023-01-11,0.09048741308449935,0.16387180984020233,Hybrid GARCH+ML
2023-01-12,0.09204775051246043,0.12798424931105118,Historical Volatility
2023-01-12,0.09204775051246043,0.13878485071525382,GARCH
2023-01-12,0.09204775051246043,0.14855650014336164,Random Forest
2023-01-12,0.09204775051246043,0.14970718324184418,XGBoost
2023-01-12,0.09204775051246043,0.16361857950687408,Hybrid GARCH+ML
2023-01-13,0.08912917136309222,0.12794084674945155,Historical Volatility
2023-01-13,0.08912917136309222,0.13878485071525382,GARCH
2023-01-13,0.08912917136309222,0.15032796266547846,Random Forest
2023-01-13,0.08912917136309222,0.16405093669891357,XGBoost
2023-01-13,0.08912917136309222,0.1610753834247589,Hybrid GARCH+ML
2023-01-16,0.09284882971369134,0.12354677134660229,Historical Volatility
2023-01-16,0.09284882971369134,0.13878485071525382,GARCH
2023-01-16,0.09284882971369134,0.15561283004245138,Random Forest
2023-01-16,0.09284882971369134,0.16288551688194275,XGBoost
2023-01-16,0.09284882971369134,0.1801208108663559,Hybrid GARCH+ML
2023-01-17,0.06858638067969679,0.12876988224818167,Historical Volatility
2023-01-17,0.06858638067969679,0.13878485071525382,GARCH
2023-01-17,0.06858638067969679,0.1502245278317905,Random Forest
2023-01-17,0.06858638067969679,0.14981496334075928,XGBoost
2023-01-17,0.06858638067969679,0.16018593311309814,Hybrid GARCH+ML
2023-01-18,0.1036347653536521,0.12622622252572566,Historical Volatility
2023-01-18,0.1036347653536521,0.13878485071525382,GARCH
2023-01-18,0.1036347653536521,0.14347038724334168,Random Forest
2023-01-18,0.1036347653536521,0.1405387818813324,XGBoost
2023-01-18,0.1036347653536521,0.154783234000206,Hybrid GARCH+ML
2023-01-19,0.15319417483325176,0.1259401419874014,Historical Volatility
2023-01-19,0.15319417483325176,0.13878485071525382,GARCH
2023-01-19,0.15319417483325176,0.13465850351180098,Random Forest
2023-01-19,0.15319417483325176,0.13422338664531708,XGBoost
2023-01-19,0.15319417483325176,0.14040829241275787,Hybrid GARCH+ML
2023-01-20,0.1509903557762627,0.10862963003366141,Historical Volatility
2023-01-20,0.1509903557762627,0.13878485071525382,GARCH
2023-01-20,0.1509903557762627,0.12194092547145846,Random Forest
2023-01-20,0.1509903557762627,0.12538309395313263,XGBoost
2023-01-20,0.1509903557762627,0.13872535526752472,Hybrid GARCH+ML
2023-01-23,0.14680360563588732,0.10212438666179306,Historical Volatility
2023-01-23,0.14680360563588732,0.13878485071525382,GARCH
2023-01-23,0.14680360563588732,0.10663469207278847,Random Forest
2023-01-23,0.14680360563588732,0.11080244183540344,XGBoost
2023-01-23,0.14680360563588732,0.11911799013614655,Hybrid GARCH+ML
2023-01-24,0.14795881029285726,0.09944065020713808,Historical Volatility
2023-01-24,0.14795881029285726,0.13878485071525382,GARCH
2023-01-24,0.14795881029285726,0.12084551315120716,Random Forest
2023-01-24,0.14795881029285726,0.12074119597673416,XGBoost
2023-01-24,0.14795881029285726,0.140729159116745,Hybrid GARCH+ML
2023-01-25,0.11803346411659016,0.10896078934796445,Historical Volatility
2023-01-25,0.11803346411659016,0.13878485071525382,GARCH
2023-01-25,0.11803346411659016,0.16219029845984648,Random Forest
2023-01-25,0.11803346411659016,0.1545993685722351,XGBoost
2023-01-25,0.11803346411659016,0.16917313635349274,Hybrid GARCH+ML
2023-01-27,0.10105921450901865,0.12067569744074776,Historical Volatility
2023-01-27,0.10105921450901865,0.13878485071525382,GARCH
2023-01-27,0.10105921450901865,0.13716738392585748,Random Forest
2023-01-27,0.10105921450901865,0.13941167294979095,XGBoost
2023-01-27,0.10105921450901865,0.15662901103496552,Hybrid GARCH+ML
2023-01-30,0.10564931837758276,0.12096370487080436,Historical Volatility
2023-01-30,0.10564931837758276,0.13878485071525382,GARCH
2023-01-30,0.10564931837758276,0.14878426782576507,Random Forest
2023-01-30,0.10564931837758276,0.15934285521507263,XGBoost
2023-01-30,0.10564931837758276,0.17052307724952698,Hybrid GARCH+ML
2023-01-31,0.10691579852069132,0.11890670659740558,Historical Volatility
2023-01-31,0.10691579852069132,0.13878485071525382,GARCH
2023-01-31,0.10691579852069132,0.15171409002855368,Random Forest
2023-01-31,0.10691579852069132,0.15524175763130188,XGBoost
2023-01-31,0.10691579852069132,0.1702098399400711,Hybrid GARCH+ML
2023-02-01,0.12116306528737325,0.1182638088188178,Historical Volatility
2023-02-01,0.12116306528737325,0.13878485071525382,GARCH
2023-02-01,0.12116306528737325,0.1872268084750736,Random Forest
2023-02-01,0.12116306528737325,0.18986424803733826,XGBoost
2023-02-01,0.12116306528737325,0.19810271263122559,Hybrid GARCH+ML
2023-02-02,0.12144706468847137,0.11371903104901401,Historical Volatility
2023-02-02,0.12144706468847137,0.13878485071525382,GARCH
2023-02-02,0.12144706468847137,0.18802562180667834,Random Forest
2023-02-02,0.12144706468847137,0.1879534274339676,XGBoost
2023-02-02,0.12144706468847137,0.20557719469070435,Hybrid GARCH+ML
2023-02-03,0.07381596800442244,0.12522733061761834,Historical Volatility
2023-02-03,0.07381596800442244,0.13878485071525382,GARCH
2023-02-03,0.07381596800442244,0.16210945295027465,Random Forest
2023-02-03,0.07381596800442244,0.15271779894828796,XGBoost
2023-02-03,0.07381596800442244,0.15927425026893616,Hybrid GARCH+ML
2023-02-06,0.07308274848554888,0.12373440702257162,Historical Volatility
2023-02-06,0.07308274848554888,0.13878485071525382,GARCH
2023-02-06,0.07308274848554888,0.17213343206661372,Random Forest
2023-02-06,0.07308274848554888,0.15933166444301605,XGBoost
2023-02-06,0.07308274848554888,0.16487835347652435,Hybrid GARCH+ML
2023-02-07,0.09507893822569582,0.1127453415352984,Historical Volatility
2023-02-07,0.09507893822569582,0.13878485071525382,GARCH
2023-02-07,0.09507893822569582,0.18897605877351897,Random Forest
2023-02-07,0.09507893822569582,0.17139574885368347,XGBoost
2023-02-07,0.09507893822569582,0.18093541264533997,Hybrid GARCH+ML
2023-02-08,0.08126472431970916,0.11189069513871469,Historical Volatility
2023-02-08,0.08126472431970916,0.13252736089312606,GARCH
2023-02-08,0.08126472431970916,0.15261294233694456,Random Forest
2023-02-08,0.08126472431970916,0.14691917598247528,XGBoost
2023-02-08,0.08126472431970916,0.14995944499969482,Hybrid GARCH+ML
2023-02-09,0.08118769740388075,0.111932057457235,Historical Volatility
2023-02-09,0.08118769740388075,0.13252736089312606,GARCH
2023-02-09,0.08118769740388075,0.15108671537123583,Random Forest
2023-02-09,0.08118769740388075,0.14131449162960052,XGBoost
2023-02-09,0.08118769740388075,0.14089377224445343,Hybrid GARCH+ML
2023-02-10,0.0876594501160594,0.11192453135167361,Historical Volatility
2023-02-10,0.0876594501160594,0.13252736089312606,GARCH
2023-02-10,0.0876594501160594,0.15656923938407058,Random Forest
2023-02-10,0.0876594501160594,0.15173210203647614,XGBoost
2023-02-10,0.0876594501160594,0.15681372582912445,Hybrid GARCH+ML
2023-02-13,0.0898988705383448,0.11118102947432944,Historical Volatility
2023-02-13,0.0898988705383448,0.13252736089312606,GARCH
2023-02-13,0.0898988705383448,0.159213185486022,Random Forest
2023-02-13,0.0898988705383448,0.15851345658302307,XGBoost
2023-02-13,0.0898988705383448,0.16233909130096436,Hybrid GARCH+ML
2023-02-14,0.06431384556020453,0.11543233950978882,Historical Volatility
2023-02-14,0.06431384556020453,0.13252736089312606,GARCH
2023-02-14,0.06431384556020453,0.143577041072821,Random Forest
2023-02-14,0.06431384556020453,0.13058751821517944,XGBoost
2023-02-14,0.06431384556020453,0.13602106273174286,Hybrid GARCH+ML
2023-02-15,0.12219877687898952,0.11223738671602146,Historical Volatility
2023-02-15,0.12219877687898952,0.13252736089312606,GARCH
2023-02-15,0.12219877687898952,0.143795865142212,Random Forest
2023-02-15,0.12219877687898952,0.13627487421035767,XGBoost
2023-02-15,0.12219877687898952,0.14290425181388855,Hybrid GARCH+ML
2023-02-16,0.12318429234950949,0.10988499302857632,Historical Volatility
2023-02-16,0.12318429234950949,0.13252736089312606,GARCH
2023-02-16,0.12318429234950949,0.14365221281663185,Random Forest
2023-02-16,0.12318429234950949,0.13219094276428223,XGBoost
2023-02-16,0.12318429234950949,0.13544145226478577,Hybrid GARCH+ML
2023-02-17,0.11919173902575005,0.1107470973385841,Historical Volatility
2023-02-17,0.11919173902575005,0.13252736089312606,GARCH
2023-02-17,0.11919173902575005,0.14869304156915114,Random Forest
2023-02-17,0.11919173902575005,0.14590026438236237,XGBoost
2023-02-17,0.11919173902575005,0.14312677085399628,Hybrid GARCH+ML
2023-02-20,0.11632657488407622,0.11135562093875474,Historical Volatility
2023-02-20,0.11632657488407622,0.13252736089312606,GARCH
2023-02-20,0.11632657488407622,0.15456710072112112,Random Forest
2023-02-20,0.11632657488407622,0.1675715297460556,XGBoost
2023-02-20,0.11632657488407622,0.16250495612621307,Hybrid GARCH+ML
2023-02-21,0.12165580011504117,0.10941714307971306,Historical Volatility
2023-02-21,0.12165580011504117,0.13252736089312606,GARCH
2023-02-21,0.12165580011504117,0.16121722914867978,Random Forest
2023-02-21,0.12165580011504117,0.1629805862903595,XGBoost
2023-02-21,0.12165580011504117,0.16401799023151398,Hybrid GARCH+ML
2023-02-22,0.08033746917655278,0.1209487412969605,Historical Volatility
2023-02-22,0.08033746917655278,0.13252736089312606,GARCH
2023-02-22,0.08033746917655278,0.16754884225632896,Random Forest
2023-02-22,0.08033746917655278,0.1722850799560547,XGBoost
2023-02-22,0.08033746917655278,0.1804911196231842,Hybrid GARCH+ML
2023-02-23,0.09447115550610351,0.11388063624753315,Historical Volatility
2023-02-23,0.09447115550610351,0.13252736089312606,GARCH
2023-02-23,0.09447115550610351,0.1686514792701358,Random Forest
2023-02-23,0.09447115550610351,0.17590369284152985,XGBoost
2023-02-23,0.09447115550610351,0.1821848601102829,Hybrid GARCH+ML
2023-02-24,0.1444281211786642,0.09920113489502289,Historical Volatility
2023-02-24,0.1444281211786642,0.13252736089312606,GARCH
2023-02-24,0.1444281211786642,0.15202899791134739,Random Forest
2023-02-24,0.1444281211786642,0.15562516450881958,XGBoost
2023-02-24,0.1444281211786642,0.17681875824928284,Hybrid GARCH+ML
2023-02-27,0.14896520344511027,0.09944250987497559,Historical Volatility
2023-02-27,0.14896520344511027,0.13252736089312606,GARCH
2023-02-27,0.14896520344511027,0.14990134991843151,Random Forest
2023-02-27,0.14896520344511027,0.14336994290351868,XGBoost
2023-02-27,0.14896520344511027,0.17435495555400848,Hybrid GARCH+ML
2023-02-28,0.1454898018407869,0.10045879289759585,Historical Volatility
2023-02-28,0.1454898018407869,0.13252736089312606,GARCH
2023-02-28,0.1454898018407869,0.1487072467603637,Random Forest
2023-02-28,0.1454898018407869,0.15040169656276703,XGBoost
2023-02-28,0.1454898018407869,0.16343818604946136,Hybrid GARCH+ML
2023-03-01,0.1481424686619813,0.10568926781422526,Historical Volatility
2023-03-01,0.1481424686619813,0.13252736089312606,GARCH
2023-03-01,0.1481424686619813,0.14984322502427408,Random Forest
2023-03-01,0.1481424686619813,0.13959559798240662,XGBoost
2023-03-01,0.1481424686619813,0.15312784910202026,Hybrid GARCH+ML
2023-03-02,0.15591450069068274,0.10852168090706414,Historical Volatility
2023-03-02,0.15591450069068274,0.13252736089312606,GARCH
2023-03-02,0.15591450069068274,0.15093878938870905,Random Forest
2023-03-02,0.15591450069068274,0.14036878943443298,XGBoost
2023-03-02,0.15591450069068274,0.15181885659694672,Hybrid GARCH+ML
2023-03-03,0.15270069823006072,0.11198929416844805,Historical Volatility
2023-03-03,0.15270069823006072,0.13252736089312606,GARCH
2023-03-03,0.15270069823006072,0.11940538746625236,Random Forest
2023-03-03,0.15270069823006072,0.11605129390954971,XGBoost
2023-03-03,0.15270069823006072,0.1151769608259201,Hybrid GARCH+ML
2023-03-06,0.15239331646799348,0.11369716601695097,Historical Volatility
2023-03-06,0.15239331646799348,0.13252736089312606,GARCH
2023-03-06,0.15239331646799348,0.11057080863672163,Random Forest
2023-03-06,0.15239331646799348,0.10421079397201538,XGBoost
2023-03-06,0.15239331646799348,0.1070798933506012,Hybrid GARCH+ML
2023-03-08,0.15430520235763354,0.11371134025118543,Historical Volatility
2023-03-08,0.15430520235763354,0.13252736089312606,GARCH
2023-03-08,0.15430520235763354,0.10343819492545943,Random Forest
2023-03-08,0.15430520235763354,0.09856539219617844,XGBoost
2023-03-08,0.15430520235763354,0.10646949708461761,Hybrid GARCH+ML
2023-03-09,0.1394940598229677,0.1139007696346384,Historical Volatility
2023-03-09,0.1394940598229677,0.13322110513662877,GARCH
2023-03-09,0.1394940598229677,0.12889631403132207,Random Forest
2023-03-09,0.1394940598229677,0.12161056697368622,XGBoost
2023-03-09,0.1394940598229677,0.12383759021759033,Hybrid GARCH+ML
2023-03-10,0.12881710157223994,0.11824633526244951,Historical Volatility
2023-03-10,0.12881710157223994,0.13322110513662877,GARCH
2023-03-10,0.12881710157223994,0.12208792478031615,Random Forest
2023-03-10,0.12881710157223994,0.12470583617687225,XGBoost
2023-03-10,0.12881710157223994,0.1258840262889862,Hybrid GARCH+ML
2023-03-13,0.08644834823179237,0.12774550739832974,Historical Volatility
2023-03-13,0.08644834823179237,0.13322110513662877,GARCH
2023-03-13,0.08644834823179237,0.1331972092275298,Random Forest
2023-03-13,0.08644834823179237,0.13637903332710266,XGBoost
2023-03-13,0.08644834823179237,0.151577889919281,Hybrid GARCH+ML
2023-03-14,0.08836972154679223,0.1283743646420845,Historical Volatility
2023-03-14,0.08836972154679223,0.13322110513662877,GARCH
2023-03-14,0.08836972154679223,0.13737658565766955,Random Forest
2023-03-14,0.08836972154679223,0.15173998475074768,XGBoost
2023-03-14,0.08836972154679223,0.16036994755268097,Hybrid GARCH+ML
2023-03-15,0.08523948853084327,0.12174215963128601,Historical Volatility
2023-03-15,0.08523948853084327,0.13322110513662877,GARCH
2023-03-15,0.08523948853084327,0.1471441539084827,Random Forest
2023-03-15,0.08523948853084327,0.15163785219192505,XGBoost
2023-03-15,0.08523948853084327,0.16447384655475616,Hybrid GARCH+ML
2023-03-16,0.09056516127459714,0.11926659628095057,Historical Volatility
2023-03-16,0.09056516127459714,0.13322110513662877,GARCH
2023-03-16,0.09056516127459714,0.14348480776552974,Random Forest
2023-03-16,0.09056516127459714,0.1601552665233612,XGBoost
2023-03-16,0.09056516127459714,0.1658962517976761,Hybrid GARCH+ML
2023-03-17,0.09464111414982165,0.12338288509837218,Historical Volatility
2023-03-17,0.09464111414982165,0.13322110513662877,GARCH
2023-03-17,0.09464111414982165,0.14031542848391113,Random Forest
2023-03-17,0.09464111414982165,0.14725030958652496,XGBoost
2023-03-17,0.09464111414982165,0.1636773943901062,Hybrid GARCH+ML
2023-03-20,0.08416384531539223,0.12387063025171118,Historical Volatility
2023-03-20,0.08416384531539223,0.13322110513662877,GARCH
2023-03-20,0.08416384531539223,0.1418526295029708,Random Forest
2023-03-20,0.08416384531539223,0.1462746411561966,XGBoost
2023-03-20,0.08416384531539223,0.15733741223812103,Hybrid GARCH+ML
2023-03-21,0.06946968643650075,0.12801226239634395,Historical Volatility
2023-03-21,0.06946968643650075,0.13322110513662877,GARCH
2023-03-21,0.06946968643650075,0.1379359918487242,Random Forest
2023-03-21,0.06946968643650075,0.1323770135641098,XGBoost
2023-03-21,0.06946968643650075,0.14444781839847565,Hybrid GARCH+ML
2023-03-22,0.08593035738418921,0.12905614473114674,Historical Volatility
2023-03-22,0.08593035738418921,0.13322110513662877,GARCH
2023-03-22,0.08593035738418921,0.1346785146806917,Random Forest
2023-03-22,0.08593035738418921,0.1327093094587326,XGBoost
2023-03-22,0.08593035738418921,0.14706848561763763,Hybrid GARCH+ML
2023-04-26,0.1043696226869937,0.1195679817586424,Historical Volatility
2023-04-26,0.1043696226869937,0.13322110513662877,GARCH
2023-04-26,0.1043696226869937,0.10458996606726156,Random Forest
2023-04-26,0.1043696226869937,0.10160121321678162,XGBoost
2023-04-26,0.1043696226869937,0.11367092281579971,Hybrid GARCH+ML
2023-04-27,0.12082658412101885,0.12175263704514208,Historical Volatility
2023-04-27,0.12082658412101885,0.13322110513662877,GARCH
2023-04-27,0.12082658412101885,0.10466562718534118,Random Forest
2023-04-27,0.12082658412101885,0.10407829284667969,XGBoost
2023-04-27,0.12082658412101885,0.11952205747365952,Hybrid GARCH+ML
2023-04-28,0.13010934059861656,0.12553283141491223,Historical Volatility
2023-04-28,0.13010934059861656,0.13322110513662877,GARCH
2023-04-28,0.13010934059861656,0.10315591637930976,Random Forest
2023-04-28,0.13010934059861656,0.10873447358608246,XGBoost
2023-04-28,0.13010934059861656,0.11808290332555771,Hybrid GARCH+ML
2023-05-02,0.12601043203296455,0.12557700040861694,Historical Volatility
2023-05-02,0.12601043203296455,0.13322110513662877,GARCH
2023-05-02,0.12601043203296455,0.10368219677859963,Random Forest
2023-05-02,0.12601043203296455,0.10193987935781479,XGBoost
2023-05-02,0.12601043203296455,0.11490103602409363,Hybrid GARCH+ML
2023-05-03,0.1254179419475124,0.12464660950167483,Historical Volatility
2023-05-03,0.1254179419475124,0.13322110513662877,GARCH
2023-05-03,0.1254179419475124,0.10729213431847703,Random Forest
2023-05-03,0.1254179419475124,0.10627289116382599,XGBoost
2023-05-03,0.1254179419475124,0.11921286582946777,Hybrid GARCH+ML
2023-05-04,0.10759181311519397,0.12524343879575606,Historical Volatility
2023-05-04,0.10759181311519397,0.13322110513662877,GARCH
2023-05-04,0.10759181311519397,0.1091978870535166,Random Forest
2023-05-04,0.10759181311519397,0.11106022447347641,XGBoost
2023-05-04,0.10759181311519397,0.11316825449466705,Hybrid GARCH+ML
2023-05-05,0.07932313245004312,0.12802474220889218,Historical Volatility
2023-05-05,0.07932313245004312,0.13322110513662877,GARCH
2023-05-05,0.07932313245004312,0.11329717803261045,Random Forest
2023-05-05,0.07932313245004312,0.11484827846288681,XGBoost
2023-05-05,0.07932313245004312,0.12228761613368988,Hybrid GARCH+ML
2023-05-08,0.03895903309249852,0.12133866827889835,Historical Volatility
2023-05-08,0.03895903309249852,0.13322110513662877,GARCH
2023-05-08,0.03895903309249852,0.10762036591799218,Random Forest
2023-05-08,0.03895903309249852,0.10054679214954376,XGBoost
2023-05-08,0.03895903309249852,0.10446715354919434,Hybrid GARCH+ML
2023-05-09,0.05838037019895118,0.11886385600596737,Historical Volatility
2023-05-09,0.05838037019895118,0.13322110513662877,GARCH
2023-05-09,0.05838037019895118,0.11015952570447468,Random Forest
2023-05-09,0.05838037019895118,0.10679051280021667,XGBoost
2023-05-09,0.05838037019895118,0.10941200703382492,Hybrid GARCH+ML
2023-05-10,0.06861215113316602,0.11894590190839494,Historical Volatility
2023-05-10,0.06861215113316602,0.13322110513662877,GARCH
2023-05-10,0.06861215113316602,0.10738554060602447,Random Forest
2023-05-10,0.06861215113316602,0.103366918861866,XGBoost
2023-05-10,0.06861215113316602,0.11191505193710327,Hybrid GARCH+ML
2023-05-11,0.07119430025390193,0.11405586418359731,Historical Volatility
2023-05-11,0.07119430025390193,0.1272531921746197,GARCH
2023-05-11,0.07119430025390193,0.10724055994202938,Random Forest
2023-05-11,0.07119430025390193,0.10910675674676895,XGBoost
2023-05-11,0.07119430025390193,0.12111222743988037,Hybrid GARCH+ML
2023-05-12,0.07645180571930031,0.10736978183388124,Historical Volatility
2023-05-12,0.07645180571930031,0.1272531921746197,GARCH
2023-05-12,0.07645180571930031,0.10262108550741018,Random Forest
2023-05-12,0.07645180571930031,0.10560235381126404,XGBoost
2023-05-12,0.07645180571930031,0.11298493295907974,Hybrid GARCH+ML
2023-05-15,0.08155334538041675,0.09050679128192335,Historical Volatility
2023-05-15,0.08155334538041675,0.1272531921746197,GARCH
2023-05-15,0.08155334538041675,0.10372672432032846,Random Forest
2023-05-15,0.08155334538041675,0.10270503908395767,XGBoost
2023-05-15,0.08155334538041675,0.11203692853450775,Hybrid GARCH+ML
2023-05-16,0.07021002744740491,0.09007314849995407,Historical Volatility
2023-05-16,0.07021002744740491,0.1272531921746197,GARCH
2023-05-16,0.07021002744740491,0.10943889735327242,Random Forest
2023-05-16,0.07021002744740491,0.11320196092128754,XGBoost
2023-05-16,0.07021002744740491,0.12887001037597656,Hybrid GARCH+ML
2023-05-17,0.06208725350656763,0.09159541360912504,Historical Volatility
2023-05-17,0.06208725350656763,0.1272531921746197,GARCH
2023-05-17,0.06208725350656763,0.11047789028502424,Random Forest
2023-05-17,0.06208725350656763,0.11508887261152267,XGBoost
2023-05-17,0.06208725350656763,0.13514167070388794,Hybrid GARCH+ML
2023-05-18,0.060306155167868004,0.09296471729127774,Historical Volatility
2023-05-18,0.060306155167868004,0.1272531921746197,GARCH
2023-05-18,0.060306155167868004,0.11096212096970487,Random Forest
2023-05-18,0.060306155167868004,0.11499574035406113,XGBoost
2023-05-18,0.060306155167868004,0.1324901431798935,Hybrid GARCH+ML
2023-05-19,0.08680416930497956,0.09144470459922042,Historical Volatility
2023-05-19,0.08680416930497956,0.1272531921746197,GARCH
2023-05-19,0.08680416930497956,0.10976432093140524,Random Forest
2023-05-19,0.08680416930497956,0.11150038987398148,XGBoost
2023-05-19,0.08680416930497956,0.13110347092151642,Hybrid GARCH+ML
2023-05-22,0.08436083782446,0.08787668496318814,Historical Volatility
2023-05-22,0.08436083782446,0.1272531921746197,GARCH
2023-05-22,0.08436083782446,0.10903420665705595,Random Forest
2023-05-22,0.08436083782446,0.1112581118941307,XGBoost
2023-05-22,0.08436083782446,0.1290433704853058,Hybrid GARCH+ML
2023-05-23,0.08442517284973848,0.08587159481741757,Historical Volatility
2023-05-23,0.08442517284973848,0.1272531921746197,GARCH
2023-05-23,0.08442517284973848,0.10719247232403724,Random Forest
2023-05-23,0.08442517284973848,0.10564809292554855,XGBoost
2023-05-23,0.08442517284973848,0.1244482547044754,Hybrid GARCH+ML
2023-05-24,0.08934321682779633,0.08770357483121088,Historical Volatility
2023-05-24,0.08934321682779633,0.1272531921746197,GARCH
2023-05-24,0.08934321682779633,0.10552022912366779,Random Forest
2023-05-24,0.08934321682779633,0.10380441695451736,XGBoost
2023-05-24,0.08934321682779633,0.11945344507694244,Hybrid GARCH+ML
2023-05-25,0.09005569861107023,0.08763788358523361,Historical Volatility
2023-05-25,0.09005569861107023,0.1272531921746197,GARCH
2023-05-25,0.09005569861107023,0.10374230999805006,Random Forest
2023-05-25,0.09005569861107023,0.10109011828899384,XGBoost
2023-05-25,0.09005569861107023,0.11430617421865463,Hybrid GARCH+ML
2023-05-26,0.06086029516950554,0.09129959290282147,Historical Volatility
2023-05-26,0.06086029516950554,0.1272531921746197,GARCH
2023-05-26,0.06086029516950554,0.10364313744864985,Random Forest
2023-05-26,0.06086029516950554,0.09898704290390015,XGBoost
2023-05-26,0.06086029516950554,0.10994090139865875,Hybrid GARCH+ML
2023-05-29,0.052741424607251376,0.0889679546166346,Historical Volatility
2023-05-29,0.052741424607251376,0.1272531921746197,GARCH
2023-05-29,0.052741424607251376,0.10289128656742001,Random Forest
2023-05-29,0.052741424607251376,0.10121256113052368,XGBoost
2023-05-29,0.052741424607251376,0.10887119919061661,Hybrid GARCH+ML
2023-05-30,0.0510425445279806,0.08823184471212983,Historical Volatility
2023-05-30,0.0510425445279806,0.1272531921746197,GARCH
2023-05-30,0.0510425445279806,0.10227825155934898,Random Forest
2023-05-30,0.0510425445279806,0.10057885944843292,XGBoost
2023-05-30,0.0510425445279806,0.10707144439220428,Hybrid GARCH+ML
2023-05-31,0.05925161395662027,0.09001322187025967,Historical Volatility
2023-05-31,0.05925161395662027,0.1272531921746197,GARCH
2023-05-31,0.05925161395662027,0.09291712288970952,Random Forest
2023-05-31,0.05925161395662027,0.09164024144411087,XGBoost
2023-05-31,0.05925161395662027,0.09779881685972214,Hybrid GARCH+ML
2023-06-01,0.06640119420063008,0.08582386117272504,Historical Volatility
2023-06-01,0.06640119420063008,0.1272531921746197,GARCH
2023-06-01,0.06640119420063008,0.0932829625977799,Random Forest
2023-06-01,0.06640119420063008,0.09198871999979019,XGBoost
2023-06-01,0.06640119420063008,0.10347390174865723,Hybrid GARCH+ML
2023-06-02,0.06950332046150447,0.07565210884493083,Historical Volatility
2023-06-02,0.06950332046150447,0.1272531921746197,GARCH
2023-06-02,0.06950332046150447,0.09394645669039774,Random Forest
2023-06-02,0.06950332046150447,0.09406136721372604,XGBoost
2023-06-02,0.06950332046150447,0.11041226983070374,Hybrid GARCH+ML
2023-06-05,0.06723441104468178,0.0673986590099064,Historical Volatility
2023-06-05,0.06723441104468178,0.1272531921746197,GARCH
2023-06-05,0.06723441104468178,0.09398033145461077,Random Forest
2023-06-05,0.06723441104468178,0.09609163552522659,XGBoost
2023-06-05,0.06723441104468178,0.1093895435333252,Hybrid GARCH+ML
2023-06-06,0.08012177725375547,0.06737151118465842,Historical Volatility
2023-06-06,0.08012177725375547,0.1272531921746197,GARCH
2023-06-06,0.08012177725375547,0.09386392864547029,Random Forest
2023-06-06,0.08012177725375547,0.09548567235469818,XGBoost
2023-06-06,0.08012177725375547,0.11127925664186478,Hybrid GARCH+ML
2023-06-07,0.06555654796415314,0.07036093564995456,Historical Volatility
2023-06-07,0.06555654796415314,0.1272531921746197,GARCH
2023-06-07,0.06555654796415314,0.09078084608059517,Random Forest
2023-06-07,0.06555654796415314,0.08992651849985123,XGBoost
2023-06-07,0.06555654796415314,0.09817873686552048,Hybrid GARCH+ML
2023-06-08,0.06115712468065676,0.07323807616671954,Historical Volatility
2023-06-08,0.06115712468065676,0.10836984603532009,GARCH
2023-06-08,0.06115712468065676,0.08946348071585451,Random Forest
2023-06-08,0.06115712468065676,0.09007174521684647,XGBoost
2023-06-08,0.06115712468065676,0.097129225730896,Hybrid GARCH+ML
2023-06-09,0.07567561851329709,0.07514276945620581,Historical Volatility
2023-06-09,0.07567561851329709,0.10836984603532009,GARCH
2023-06-09,0.07567561851329709,0.09055439823865787,Random Forest
2023-06-09,0.07567561851329709,0.08898323029279709,XGBoost
2023-06-09,0.07567561851329709,0.1013466939330101,Hybrid GARCH+ML
2023-06-12,0.07890123514321386,0.07392642755181461,Historical Volatility
2023-06-12,0.07890123514321386,0.10836984603532009,GARCH
2023-06-12,0.07890123514321386,0.08979265680195785,Random Forest
2023-06-12,0.07890123514321386,0.08830851316452026,XGBoost
2023-06-12,0.07890123514321386,0.10364066809415817,Hybrid GARCH+ML
2023-06-13,0.06970127142169105,0.07204303883913668,Historical Volatility
2023-06-13,0.06970127142169105,0.10836984603532009,GARCH
2023-06-13,0.06970127142169105,0.08800976163630882,Random Forest
2023-06-13,0.06970127142169105,0.08697053790092468,XGBoost
2023-06-13,0.06970127142169105,0.09375874698162079,Hybrid GARCH+ML
2023-06-14,0.06971650569467618,0.067296756107132,Historical Volatility
2023-06-14,0.06971650569467618,0.10836984603532009,GARCH
2023-06-14,0.06971650569467618,0.08918005342638421,Random Forest
2023-06-14,0.06971650569467618,0.08842170983552933,XGBoost
2023-06-14,0.06971650569467618,0.09744689613580704,Hybrid GARCH+ML
2023-06-15,0.07240651369213506,0.06801561329768707,Historical Volatility
2023-06-15,0.07240651369213506,0.10836984603532009,GARCH
2023-06-15,0.07240651369213506,0.09012979810786917,Random Forest
2023-06-15,0.07240651369213506,0.09069798141717911,XGBoost
2023-06-15,0.07240651369213506,0.09849977493286133,Hybrid GARCH+ML
2023-06-16,0.06424292840030639,0.07061069449073981,Historical Volatility
2023-06-16,0.06424292840030639,0.10836984603532009,GARCH
2023-06-16,0.06424292840030639,0.08829317806450383,Random Forest
2023-06-16,0.06424292840030639,0.08694644272327423,XGBoost
2023-06-16,0.06424292840030639,0.09217365831136703,Hybrid GARCH+ML
2023-06-19,0.05926288738012216,0.07111378834414872,Historical Volatility
2023-06-19,0.05926288738012216,0.10836984603532009,GARCH
2023-06-19,0.05926288738012216,0.09020790549670635,Random Forest
2023-06-19,0.05926288738012216,0.08965548127889633,XGBoost
2023-06-19,0.05926288738012216,0.09864326566457748,Hybrid GARCH+ML
2023-06-20,0.07251589919339801,0.0714646534325622,Historical Volatility
2023-06-20,0.07251589919339801,0.10836984603532009,GARCH
2023-06-20,0.07251589919339801,0.08918087150972434,Random Forest
2023-06-20,0.07251589919339801,0.08831658959388733,XGBoost
2023-06-20,0.07251589919339801,0.0975317433476448,Hybrid GARCH+ML
2023-06-21,0.09169578944598619,0.0693287182393937,Historical Volatility
2023-06-21,0.09169578944598619,0.10836984603532009,GARCH
2023-06-21,0.09169578944598619,0.08902625222246689,Random Forest
2023-06-21,0.09169578944598619,0.08353148400783539,XGBoost
2023-06-21,0.09169578944598619,0.09315387159585953,Hybrid GARCH+ML
2023-06-22,0.11781685726425403,0.07257962212569956,Historical Volatility
2023-06-22,0.11781685726425403,0.10836984603532009,GARCH
2023-06-22,0.11781685726425403,0.08988634738001736,Random Forest
2023-06-22,0.11781685726425403,0.08936496824026108,XGBoost
2023-06-22,0.11781685726425403,0.10054703056812286,Hybrid GARCH+ML
2023-06-23,0.1212218260660381,0.06918163164526275,Historical Volatility
2023-06-23,0.1212218260660381,0.10836984603532009,GARCH
2023-06-23,0.1212218260660381,0.0932629333780806,Random Forest
2023-06-23,0.1212218260660381,0.09155037254095078,XGBoost
2023-06-23,0.1212218260660381,0.10627307742834091,Hybrid GARCH+ML
2023-06-26,0.12326121069209471,0.06684138421943436,Historical Volatility
2023-06-26,0.12326121069209471,0.10836984603532009,GARCH
2023-06-26,0.12326121069209471,0.09095679711212126,Random Forest
2023-06-26,0.12326121069209471,0.09268566220998764,XGBoost
2023-06-26,0.12326121069209471,0.1058361828327179,Hybrid GARCH+ML
2023-06-27,0.11368021992438583,0.07052348270180504,Historical Volatility
2023-06-27,0.11368021992438583,0.10836984603532009,GARCH
2023-06-27,0.11368021992438583,0.09046255211707427,Random Forest
2023-06-27,0.11368021992438583,0.08849525451660156,XGBoost
2023-06-27,0.11368021992438583,0.10246048867702484,Hybrid GARCH+ML
2023-06-28,0.10414145155649543,0.07200881745669237,Historical Volatility
2023-06-28,0.10414145155649543,0.10836984603532009,GARCH
2023-06-28,0.10414145155649543,0.08924634152398238,Random Forest
2023-06-28,0.10414145155649543,0.0868963673710823,XGBoost
2023-06-28,0.10414145155649543,0.09771349281072617,Hybrid GARCH+ML
2023-06-30,0.08939764551699936,0.07910626352847692,Historical Volatility
2023-06-30,0.08939764551699936,0.10836984603532009,GARCH
2023-06-30,0.08939764551699936,0.08780143101130665,Random Forest
2023-06-30,0.08939764551699936,0.08005871623754501,XGBoost
2023-06-30,0.08939764551699936,0.08507681638002396,Hybrid GARCH+ML
2023-07-03,0.07515060862176987,0.08111991068181361,Historical Volatility
2023-07-03,0.07515060862176987,0.10836984603532009,GARCH
2023-07-03,0.07515060862176987,0.08361568876476833,Random Forest
2023-07-03,0.07515060862176987,0.07318209856748581,XGBoost
2023-07-03,0.07515060862176987,0.0813189223408699,Hybrid GARCH+ML
2023-07-04,0.07737908271181415,0.08116328577576826,Historical Volatility
2023-07-04,0.07737908271181415,0.10836984603532009,GARCH
2023-07-04,0.07737908271181415,0.08398743660884535,Random Forest
2023-07-04,0.07737908271181415,0.07277163863182068,XGBoost
2023-07-04,0.07737908271181415,0.08017507195472717,Hybrid GARCH+ML
2023-07-05,0.07988424554236737,0.08110357649366791,Historical Volatility
2023-07-05,0.07988424554236737,0.10836984603532009,GARCH
2023-07-05,0.07988424554236737,0.0842399528599484,Random Forest
2023-07-05,0.07988424554236737,0.07518144696950912,XGBoost
2023-07-05,0.07988424554236737,0.07955542951822281,Hybrid GARCH+ML
2023-07-06,0.07208918706546263,0.07998425292767498,Historical Volatility
2023-07-06,0.07208918706546263,0.10836984603532009,GARCH
2023-07-06,0.07208918706546263,0.08494908625783047,Random Forest
2023-07-06,0.07208918706546263,0.07718472182750702,XGBoost
2023-07-06,0.07208918706546263,0.08123569190502167,Hybrid GARCH+ML
2023-07-07,0.06745289863517982,0.08500029294349863,Historical Volatility
2023-07-07,0.06745289863517982,0.1110186668825978,GARCH
2023-07-07,0.06745289863517982,0.08752461529789007,Random Forest
2023-07-07,0.06745289863517982,0.08830325305461884,XGBoost
2023-07-07,0.06745289863517982,0.09350798279047012,Hybrid GARCH+ML
2023-07-10,0.08540367052954266,0.08238567769815726,Historical Volatility
2023-07-10,0.08540367052954266,0.1110186668825978,GARCH
2023-07-10,0.08540367052954266,0.08491432479317176,Random Forest
2023-07-10,0.08540367052954266,0.08467929065227509,XGBoost
2023-07-10,0.08540367052954266,0.09726325422525406,Hybrid GARCH+ML
2023-07-11,0.0809003696235122,0.08275895262423172,Historical Volatility
2023-07-11,0.0809003696235122,0.1110186668825978,GARCH
2023-07-11,0.0809003696235122,0.08580424739374477,Random Forest
2023-07-11,0.0809003696235122,0.08442775160074234,XGBoost
2023-07-11,0.0809003696235122,0.09676534682512283,Hybrid GARCH+ML
2023-07-12,0.08393194272211173,0.0832260154644351,Historical Volatility
2023-07-12,0.08393194272211173,0.1110186668825978,GARCH
2023-07-12,0.08393194272211173,0.08989937580225155,Random Forest
2023-07-12,0.08393194272211173,0.08985082060098648,XGBoost
2023-07-12,0.08393194272211173,0.10136782377958298,Hybrid GARCH+ML
2023-07-13,0.09818170063588383,0.0832182168507989,Historical Volatility
2023-07-13,0.09818170063588383,0.1110186668825978,GARCH
2023-07-13,0.09818170063588383,0.0903991099230028,Random Forest
2023-07-13,0.09818170063588383,0.09097739309072495,XGBoost
2023-07-13,0.09818170063588383,0.1010655015707016,Hybrid GARCH+ML
2023-07-14,0.11674190543669942,0.08330732957886604,Historical Volatility
2023-07-14,0.11674190543669942,0.1110186668825978,GARCH
2023-07-14,0.11674190543669942,0.08457531624322633,Random Forest
2023-07-14,0.11674190543669942,0.08585430681705475,XGBoost
2023-07-14,0.11674190543669942,0.08967088907957077,Hybrid GARCH+ML
2023-07-17,0.10719792943424258,0.08341409252122003,Historical Volatility
2023-07-17,0.10719792943424258,0.1110186668825978,GARCH
2023-07-17,0.10719792943424258,0.08430577789947978,Random Forest
2023-07-17,0.10719792943424258,0.08391495794057846,XGBoost
2023-07-17,0.10719792943424258,0.0899432972073555,Hybrid GARCH+ML
2023-07-18,0.1063732113296953,0.08032834835520286,Historical Volatility
2023-07-18,0.1063732113296953,0.1110186668825978,GARCH
2023-07-18,0.1063732113296953,0.09175117066975741,Random Forest
2023-07-18,0.1063732113296953,0.08338754624128342,XGBoost
2023-07-18,0.1063732113296953,0.09160402417182922,Hybrid GARCH+ML
2023-07-19,0.10791407645116978,0.08051300519810661,Historical Volatility
2023-07-19,0.10791407645116978,0.1110186668825978,GARCH
2023-07-19,0.10791407645116978,0.08613773918454931,Random Forest
2023-07-19,0.10791407645116978,0.08275755494832993,XGBoost
2023-07-19,0.10791407645116978,0.09022103250026703,Hybrid GARCH+ML
2023-07-20,0.10368831082803844,0.0821861571718273,Historical Volatility
2023-07-20,0.10368831082803844,0.1110186668825978,GARCH
2023-07-20,0.10368831082803844,0.0842401056926247,Random Forest
2023-07-20,0.10368831082803844,0.08365058898925781,XGBoost
2023-07-20,0.10368831082803844,0.08839792758226395,Hybrid GARCH+ML
2023-07-21,0.06141441872586449,0.09404069201559971,Historical Volatility
2023-07-21,0.06141441872586449,0.1110186668825978,GARCH
2023-07-21,0.06141441872586449,0.09230565410382585,Random Forest
2023-07-21,0.06141441872586449,0.08624561131000519,XGBoost
2023-07-21,0.06141441872586449,0.09333562105894089,Hybrid GARCH+ML
2023-07-24,0.06778396359329782,0.09201249586543697,Historical Volatility
2023-07-24,0.06778396359329782,0.1110186668825978,GARCH
2023-07-24,0.06778396359329782,0.0974495037927526,Random Forest
2023-07-24,0.06778396359329782,0.09165287762880325,XGBoost
2023-07-24,0.06778396359329782,0.10442286729812622,Hybrid GARCH+ML
2023-07-25,0.06810891037752956,0.09224734729576639,Historical Volatility
2023-07-25,0.06810891037752956,0.1110186668825978,GARCH
2023-07-25,0.06810891037752956,0.09037073631097126,Random Forest
2023-07-25,0.06810891037752956,0.08864181488752365,XGBoost
2023-07-25,0.06810891037752956,0.10285819321870804,Hybrid GARCH+ML
2023-07-26,0.09490713953138877,0.09139869893668132,Historical Volatility
2023-07-26,0.09490713953138877,0.1110186668825978,GARCH
2023-07-26,0.09490713953138877,0.08922407165333814,Random Forest
2023-07-26,0.09490713953138877,0.089074045419693,XGBoost
2023-07-26,0.09490713953138877,0.09951324760913849,Hybrid GARCH+ML
2023-07-27,0.09993204401069766,0.09352367832071051,Historical Volatility
2023-07-27,0.09993204401069766,0.1110186668825978,GARCH
2023-07-27,0.09993204401069766,0.1066159394685773,Random Forest
2023-07-27,0.09993204401069766,0.11592476814985275,XGBoost
2023-07-27,0.09993204401069766,0.13893000781536102,Hybrid GARCH+ML
2023-07-28,0.11136526494564537,0.08667276629660421,Historical Volatility
2023-07-28,0.11136526494564537,0.1110186668825978,GARCH
2023-07-28,0.11136526494564537,0.10313075810124127,Random Forest
2023-07-28,0.11136526494564537,0.10830337554216385,XGBoost
2023-07-28,0.11136526494564537,0.1298556625843048,Hybrid GARCH+ML
2023-07-31,0.10837034271635176,0.0855318766761485,Historical Volatility
2023-07-31,0.10837034271635176,0.1110186668825978,GARCH
2023-07-31,0.10837034271635176,0.099331443735742,Random Forest
2023-07-31,0.10837034271635176,0.10047740489244461,XGBoost
2023-07-31,0.10837034271635176,0.12457837164402008,Hybrid GARCH+ML
2023-08-01,0.10854978171408294,0.08538551113132546,Historical Volatility
2023-08-01,0.10854978171408294,0.1110186668825978,GARCH
2023-08-01,0.10854978171408294,0.09969095925933347,Random Forest
2023-08-01,0.10854978171408294,0.10239649564027786,XGBoost
2023-08-01,0.10854978171408294,0.1249953880906105,Hybrid GARCH+ML
2023-08-02,0.08171866493417379,0.09454849847128656,Historical Volatility
2023-08-02,0.08171866493417379,0.1110186668825978,GARCH
2023-08-02,0.08171866493417379,0.1200636944227359,Random Forest
2023-08-02,0.08171866493417379,0.13661013543605804,XGBoost
2023-08-02,0.08171866493417379,0.15679487586021423,Hybrid GARCH+ML
2023-08-03,0.07023474189428618,0.0966341227434405,Historical Volatility
2023-08-03,0.07023474189428618,0.1110186668825978,GARCH
2023-08-03,0.07023474189428618,0.14436356730622635,Random Forest
2023-08-03,0.07023474189428618,0.1396009922027588,XGBoost
2023-08-03,0.07023474189428618,0.16426165401935577,Hybrid GARCH+ML
2023-08-04,0.06512624417230212,0.094762080883276,Historical Volatility
2023-08-04,0.06512624417230212,0.12022129214687322,GARCH
2023-08-04,0.06512624417230212,0.11767862728658182,Random Forest
2023-08-04,0.06512624417230212,0.11672123521566391,XGBoost
2023-08-04,0.06512624417230212,0.13504429161548615,Hybrid GARCH+ML
2023-08-07,0.058283381053364655,0.09561001646733894,Historical Volatility
2023-08-07,0.058283381053364655,0.12022129214687322,GARCH
2023-08-07,0.058283381053364655,0.10509389115720336,Random Forest
2023-08-07,0.058283381053364655,0.10532311350107193,XGBoost
2023-08-07,0.058283381053364655,0.12305069714784622,Hybrid GARCH+ML
2023-08-08,0.05855369439673451,0.09482332178199526,Historical Volatility
2023-08-08,0.05855369439673451,0.12022129214687322,GARCH
2023-08-08,0.05855369439673451,0.10806438803082917,Random Forest
2023-08-08,0.05855369439673451,0.10806280374526978,XGBoost
2023-08-08,0.05855369439673451,0.12476406246423721,Hybrid GARCH+ML
2023-08-09,0.06526516986665887,0.09454495350288059,Historical Volatility
2023-08-09,0.06526516986665887,0.12022129214687322,GARCH
2023-08-09,0.06526516986665887,0.10037275254772583,Random Forest
2023-08-09,0.06526516986665887,0.10750415176153183,XGBoost
2023-08-09,0.06526516986665887,0.11291705816984177,Hybrid GARCH+ML
2023-08-10,0.06014695499132231,0.09624409183766049,Historical Volatility
2023-08-10,0.06014695499132231,0.12022129214687322,GARCH
2023-08-10,0.06014695499132231,0.1161560294610728,Random Forest
2023-08-10,0.06014695499132231,0.11482437700033188,XGBoost
2023-08-10,0.06014695499132231,0.12082270532846451,Hybrid GARCH+ML
2023-08-11,0.0529670194404067,0.0944806725043208,Historical Volatility
2023-08-11,0.0529670194404067,0.12022129214687322,GARCH
2023-08-11,0.0529670194404067,0.13083644536587838,Random Forest
2023-08-11,0.0529670194404067,0.12826402485370636,XGBoost
2023-08-11,0.0529670194404067,0.1425882875919342,Hybrid GARCH+ML
2023-08-14,0.05292805498806368,0.08991631310219644,Historical Volatility
2023-08-14,0.05292805498806368,0.12022129214687322,GARCH
2023-08-14,0.05292805498806368,0.1386437166792742,Random Forest
2023-08-14,0.05292805498806368,0.1320316642522812,XGBoost
2023-08-14,0.05292805498806368,0.15101578831672668,Hybrid GARCH+ML
2023-08-16,0.05458951238291964,0.0897892622444575,Historical Volatility
2023-08-16,0.05458951238291964,0.12022129214687322,GARCH
2023-08-16,0.05458951238291964,0.13790024072854415,Random Forest
2023-08-16,0.05458951238291964,0.12193865329027176,XGBoost
2023-08-16,0.05458951238291964,0.13662639260292053,Hybrid GARCH+ML
2023-09-14,0.10969255216344274,0.0883486555915957,Historical Volatility
2023-09-14,0.10969255216344274,0.12022129214687322,GARCH
2023-09-14,0.10969255216344274,0.08819389596032642,Random Forest
2023-09-14,0.10969255216344274,0.08432448655366898,XGBoost
2023-09-14,0.10969255216344274,0.08360051363706589,Hybrid GARCH+ML
2023-09-15,0.1050879038987166,0.0853278239370915,Historical Volatility
2023-09-15,0.1050879038987166,0.12022129214687322,GARCH
2023-09-15,0.1050879038987166,0.08857877638455307,Random Forest
2023-09-15,0.1050879038987166,0.0847819522023201,XGBoost
2023-09-15,0.1050879038987166,0.08765137195587158,Hybrid GARCH+ML
2023-09-18,0.10307203609664407,0.0757243766902751,Historical Volatility
2023-09-18,0.10307203609664407,0.12022129214687322,GARCH
2023-09-18,0.10307203609664407,0.08933805544328631,Random Forest
2023-09-18,0.10307203609664407,0.08547547459602356,XGBoost
2023-09-18,0.10307203609664407,0.0909031555056572,Hybrid GARCH+ML
2023-09-20,0.06486569139822077,0.08471159481041406,Historical Volatility
2023-09-20,0.06486569139822077,0.12022129214687322,GARCH
2023-09-20,0.06486569139822077,0.09257688455553724,Random Forest
2023-09-20,0.06486569139822077,0.09243030846118927,XGBoost
2023-09-20,0.06486569139822077,0.10247047245502472,Hybrid GARCH+ML
2023-09-21,0.07638338993929902,0.08813209883189134,Historical Volatility
2023-09-21,0.07638338993929902,0.12022129214687322,GARCH
2023-09-21,0.07638338993929902,0.09559416532697126,Random Forest
2023-09-21,0.07638338993929902,0.09298734366893768,XGBoost
2023-09-21,0.07638338993929902,0.10917506366968155,Hybrid GARCH+ML
2023-09-22,0.08344796940139096,0.08513002654462742,Historical Volatility
2023-09-22,0.08344796940139096,0.12022129214687322,GARCH
2023-09-22,0.08344796940139096,0.09867459352206559,Random Forest
2023-09-22,0.08344796940139096,0.09772593528032303,XGBoost
2023-09-22,0.08344796940139096,0.1120741069316864,Hybrid GARCH+ML
2023-09-25,0.09241609455353367,0.08385352086834814,Historical Volatility
2023-09-25,0.09241609455353367,0.12022129214687322,GARCH
2023-09-25,0.09241609455353367,0.099232362514402,Random Forest
2023-09-25,0.09241609455353367,0.09683190286159515,XGBoost
2023-09-25,0.09241609455353367,0.1114887148141861,Hybrid GARCH+ML
2023-09-26,0.09832559740137982,0.08388206129050232,Historical Volatility
2023-09-26,0.09832559740137982,0.12022129214687322,GARCH
2023-09-26,0.09832559740137982,0.10222058686368334,Random Forest
2023-09-26,0.09832559740137982,0.09765592962503433,XGBoost
2023-09-26,0.09832559740137982,0.11336582154035568,Hybrid GARCH+ML
2023-09-27,0.10447439738457782,0.08132587992803657,Historical Volatility
2023-09-27,0.10447439738457782,0.12022129214687322,GARCH
2023-09-27,0.10447439738457782,0.09328709042065352,Random Forest
2023-09-27,0.10447439738457782,0.09864432364702225,XGBoost
2023-09-27,0.10447439738457782,0.11419956386089325,Hybrid GARCH+ML
2023-09-28,0.08698429528133134,0.08631913494301538,Historical Volatility
2023-09-28,0.08698429528133134,0.12022129214687322,GARCH
2023-09-28,0.08698429528133134,0.11829823238667835,Random Forest
2023-09-28,0.08698429528133134,0.11930830776691437,XGBoost
2023-09-28,0.08698429528133134,0.12758468091487885,Hybrid GARCH+ML
2023-09-29,0.09194461400097062,0.08456911896880812,Historical Volatility
2023-09-29,0.09194461400097062,0.12022129214687322,GARCH
2023-09-29,0.09194461400097062,0.111559712606972,Random Forest
2023-09-29,0.09194461400097062,0.10655388981103897,XGBoost
2023-09-29,0.09194461400097062,0.11492656916379929,Hybrid GARCH+ML
2023-10-03,0.10492709417362936,0.08300682583206688,Historical Volatility
2023-10-03,0.10492709417362936,0.12022129214687322,GARCH
2023-10-03,0.10492709417362936,0.11250094672194219,Random Forest
2023-10-03,0.10492709417362936,0.11097413301467896,XGBoost
2023-10-03,0.10492709417362936,0.11898957937955856,Hybrid GARCH+ML
2023-10-04,0.10852276731198206,0.0780939233481724,Historical Volatility
2023-10-04,0.10852276731198206,0.11652088553014033,GARCH
2023-10-04,0.10852276731198206,0.10800627469176784,Random Forest
2023-10-04,0.10852276731198206,0.10586395859718323,XGBoost
2023-10-04,0.10852276731198206,0.11238954216241837,Hybrid GARCH+ML
2023-10-05,0.10109785536004025,0.0797706690572236,Historical Volatility
2023-10-05,0.10109785536004025,0.11652088553014033,GARCH
2023-10-05,0.10109785536004025,0.10199236041862678,Random Forest
2023-10-05,0.10109785536004025,0.1004418432712555,XGBoost
2023-10-05,0.10109785536004025,0.10723885893821716,Hybrid GARCH+ML
2023-10-06,0.09452685992787752,0.0837308445993111,Historical Volatility
2023-10-06,0.09452685992787752,0.11652088553014033,GARCH
2023-10-06,0.09452685992787752,0.09296197163842253,Random Forest
2023-10-06,0.09452685992787752,0.08848126232624054,XGBoost
2023-10-06,0.09452685992787752,0.09680668264627457,Hybrid GARCH+ML
2023-10-09,0.079781314687283,0.08446816679576093,Historical Volatility
2023-10-09,0.079781314687283,0.11652088553014033,GARCH
2023-10-09,0.079781314687283,0.10910795753976682,Random Forest
2023-10-09,0.079781314687283,0.10758723318576813,XGBoost
2023-10-09,0.079781314687283,0.11555268615484238,Hybrid GARCH+ML
2023-10-10,0.05524474685656361,0.09212402260727855,Historical Volatility
2023-10-10,0.05524474685656361,0.11652088553014033,GARCH
2023-10-10,0.05524474685656361,0.0949189594589665,Random Forest
2023-10-10,0.05524474685656361,0.08281522989273071,XGBoost
2023-10-10,0.05524474685656361,0.08782355487346649,Hybrid GARCH+ML
2023-10-11,0.06077783458749702,0.09381704684782227,Historical Volatility
2023-10-11,0.06077783458749702,0.11652088553014033,GARCH
2023-10-11,0.06077783458749702,0.09757839285751473,Random Forest
2023-10-11,0.06077783458749702,0.0901852697134018,XGBoost
2023-10-11,0.06077783458749702,0.09420749545097351,Hybrid GARCH+ML
2023-10-12,0.06274030762760256,0.09376506389801181,Historical Volatility
2023-10-12,0.06274030762760256,0.11652088553014033,GARCH
2023-10-12,0.06274030762760256,0.09589241642938885,Random Forest
2023-10-12,0.06274030762760256,0.0912904143333435,XGBoost
2023-10-12,0.06274030762760256,0.09461086243391037,Hybrid GARCH+ML
2023-10-13,0.0676995373208616,0.09355111212538408,Historical Volatility
2023-10-13,0.0676995373208616,0.11652088553014033,GARCH
2023-10-13,0.0676995373208616,0.10566015263692034,Random Forest
2023-10-13,0.0676995373208616,0.10802304744720459,XGBoost
2023-10-13,0.0676995373208616,0.10607478022575378,Hybrid GARCH+ML
2023-10-16,0.11678736614371905,0.09310272639697108,Historical Volatility
2023-10-16,0.11678736614371905,0.11652088553014033,GARCH
2023-10-16,0.11678736614371905,0.10922888154512943,Random Forest
2023-10-16,0.11678736614371905,0.10672410577535629,XGBoost
2023-10-16,0.11678736614371905,0.10812424123287201,Hybrid GARCH+ML
2023-10-17,0.12767590538753687,0.09281022998475652,Historical Volatility
2023-10-17,0.12767590538753687,0.11652088553014033,GARCH
2023-10-17,0.12767590538753687,0.11167738182027637,Random Forest
2023-10-17,0.12767590538753687,0.11506743729114532,XGBoost
2023-10-17,0.12767590538753687,0.12165416777133942,Hybrid GARCH+ML
2023-10-18,0.1534916656944626,0.09515037058125671,Historical Volatility
2023-10-18,0.1534916656944626,0.11652088553014033,GARCH
2023-10-18,0.1534916656944626,0.11184404184702647,Random Forest
2023-10-18,0.1534916656944626,0.11933084577322006,XGBoost
2023-10-18,0.1534916656944626,0.12682555615901947,Hybrid GARCH+ML
2023-10-19,0.16835711140822945,0.08703534987718115,Historical Volatility
2023-10-19,0.16835711140822945,0.11652088553014033,GARCH
2023-10-19,0.16835711140822945,0.10187744679915849,Random Forest
2023-10-19,0.16835711140822945,0.10904139280319214,XGBoost
2023-10-19,0.16835711140822945,0.11847569048404694,Hybrid GARCH+ML
2023-10-20,0.1693276587894819,0.08375837550497979,Historical Volatility
2023-10-20,0.1693276587894819,0.11652088553014033,GARCH
2023-10-20,0.1693276587894819,0.10733148983271067,Random Forest
2023-10-20,0.1693276587894819,0.11156521737575531,XGBoost
2023-10-20,0.1693276587894819,0.11714223027229309,Hybrid GARCH+ML
2023-10-23,0.1417258510696993,0.09514307969365171,Historical Volatility
2023-10-23,0.1417258510696993,0.11652088553014033,GARCH
2023-10-23,0.1417258510696993,0.12970617909604878,Random Forest
2023-10-23,0.1417258510696993,0.12863627076148987,XGBoost
2023-10-23,0.1417258510696993,0.12994365394115448,Hybrid GARCH+ML
2023-10-25,0.13320074227646408,0.09848824708374491,Historical Volatility
2023-10-25,0.13320074227646408,0.11652088553014033,GARCH
2023-10-25,0.13320074227646408,0.13185223052004036,Random Forest
2023-10-25,0.13320074227646408,0.13542422652244568,XGBoost
2023-10-25,0.13320074227646408,0.1366235315799713,Hybrid GARCH+ML
2023-10-26,0.10399537930686097,0.10793366811380962,Historical Volatility
2023-10-26,0.10399537930686097,0.11652088553014033,GARCH
2023-10-26,0.10399537930686097,0.148532703019628,Random Forest
2023-10-26,0.10399537930686097,0.13467417657375336,XGBoost
2023-10-26,0.10399537930686097,0.1468665599822998,Hybrid GARCH+ML
2023-10-27,0.08395028559385653,0.11517880468206196,Historical Volatility
2023-10-27,0.08395028559385653,0.11652088553014033,GARCH
2023-10-27,0.08395028559385653,0.12956401892611813,Random Forest
2023-10-27,0.08395028559385653,0.1200733631849289,XGBoost
2023-10-27,0.08395028559385653,0.13506470620632172,Hybrid GARCH+ML
2023-10-30,0.10131970661022704,0.11328739876782151,Historical Volatility
2023-10-30,0.10131970661022704,0.11652088553014033,GARCH
2023-10-30,0.10131970661022704,0.12539909950980418,Random Forest
2023-10-30,0.10131970661022704,0.1388188898563385,XGBoost
2023-10-30,0.10131970661022704,0.14938369393348694,Hybrid GARCH+ML
2023-10-31,0.09874461117490904,0.11055501550079469,Historical Volatility
2023-10-31,0.09874461117490904,0.11652088553014033,GARCH
2023-10-31,0.09874461117490904,0.12453069486782807,Random Forest
2023-10-31,0.09874461117490904,0.12528494000434875,XGBoost
2023-10-31,0.09874461117490904,0.14189040660858154,Hybrid GARCH+ML
2023-11-01,0.09377276453743609,0.11017540403783027,Historical Volatility
2023-11-01,0.09377276453743609,0.11652088553014033,GARCH
2023-11-01,0.09377276453743609,0.12373134969021571,Random Forest
2023-11-01,0.09377276453743609,0.12166087329387665,XGBoost
2023-11-01,0.09377276453743609,0.13799229264259338,Hybrid GARCH+ML
2023-11-02,0.07888833296868253,0.11381466586748244,Historical Volatility
2023-11-02,0.07888833296868253,0.12991471094826915,GARCH
2023-11-02,0.07888833296868253,0.1186687881512288,Random Forest
2023-11-02,0.07888833296868253,0.11643719673156738,XGBoost
2023-11-02,0.07888833296868253,0.12323159724473953,Hybrid GARCH+ML
2023-11-03,0.07103542239732877,0.11341938029526245,Historical Volatility
2023-11-03,0.07103542239732877,0.12991471094826915,GARCH
2023-11-03,0.07103542239732877,0.11863424852983374,Random Forest
2023-11-03,0.07103542239732877,0.11496873944997787,XGBoost
2023-11-03,0.07103542239732877,0.12003110349178314,Hybrid GARCH+ML
2023-11-06,0.025686221765235634,0.11705830927153647,Historical Volatility
2023-11-06,0.025686221765235634,0.12991471094826915,GARCH
2023-11-06,0.025686221765235634,0.11346841948836525,Random Forest
2023-11-06,0.025686221765235634,0.10072449594736099,XGBoost
2023-11-06,0.025686221765235634,0.10803144425153732,Hybrid GARCH+ML
2023-11-07,0.08798328896273637,0.11444003336526139,Historical Volatility
2023-11-07,0.08798328896273637,0.12991471094826915,GARCH
2023-11-07,0.08798328896273637,0.11016502625040889,Random Forest
2023-11-07,0.08798328896273637,0.10081605613231659,XGBoost
2023-11-07,0.08798328896273637,0.10897362232208252,Hybrid GARCH+ML
2023-11-08,0.09275829389149735,0.10941160844829712,Historical Volatility
2023-11-08,0.09275829389149735,0.12991471094826915,GARCH
2023-11-08,0.09275829389149735,0.11253796920953107,Random Forest
2023-11-08,0.09275829389149735,0.10101468116044998,XGBoost
2023-11-08,0.09275829389149735,0.11123432219028473,Hybrid GARCH+ML
2023-11-09,0.09185731899578417,0.10656956100072758,Historical Volatility
2023-11-09,0.09185731899578417,0.12991471094826915,GARCH
2023-11-09,0.09185731899578417,0.12270344066641506,Random Forest
2023-11-09,0.09185731899578417,0.11333199590444565,XGBoost
2023-11-09,0.09185731899578417,0.12337587028741837,Hybrid GARCH+ML
2023-11-10,0.09220793840457879,0.10697205627648584,Historical Volatility
2023-11-10,0.09220793840457879,0.12991471094826915,GARCH
2023-11-10,0.09220793840457879,0.12068459321000276,Random Forest
2023-11-10,0.09220793840457879,0.11141351610422134,XGBoost
2023-11-10,0.09220793840457879,0.12233541905879974,Hybrid GARCH+ML
2023-11-13,0.0974268246229912,0.10706624245439561,Historical Volatility
2023-11-13,0.0974268246229912,0.12991471094826915,GARCH
2023-11-13,0.0974268246229912,0.11940144992537709,Random Forest
2023-11-13,0.0974268246229912,0.11834466457366943,XGBoost
2023-11-13,0.0974268246229912,0.1361796259880066,Hybrid GARCH+ML
2023-11-15,0.05011357852004197,0.11607221909472742,Historical Volatility
2023-11-15,0.05011357852004197,0.12991471094826915,GARCH
2023-11-15,0.05011357852004197,0.11582448605124787,Random Forest
2023-11-15,0.05011357852004197,0.09999237209558487,XGBoost
2023-11-15,0.05011357852004197,0.11147250235080719,Hybrid GARCH+ML
2023-11-16,0.03846947567444154,0.11633347127492066,Historical Volatility
2023-11-16,0.03846947567444154,0.12991471094826915,GARCH
2023-11-16,0.03846947567444154,0.11463134237057016,Random Forest
2023-11-16,0.03846947567444154,0.10794591158628464,XGBoost
2023-11-16,0.03846947567444154,0.11741248518228531,Hybrid GARCH+ML
2023-11-17,0.036641560893174455,0.11356883422069744,Historical Volatility
2023-11-17,0.036641560893174455,0.12991471094826915,GARCH
2023-11-17,0.036641560893174455,0.09892340404869993,Random Forest
2023-11-17,0.036641560893174455,0.10118092596530914,XGBoost
2023-11-17,0.036641560893174455,0.11186537146568298,Hybrid GARCH+ML
2023-11-20,0.04808943230113171,0.11344925655718145,Historical Volatility
2023-11-20,0.04808943230113171,0.12991471094826915,GARCH
2023-11-20,0.04808943230113171,0.09848045884131179,Random Forest
2023-11-20,0.04808943230113171,0.10013329982757568,XGBoost
2023-11-20,0.04808943230113171,0.106190524995327,Hybrid GARCH+ML
2023-11-21,0.08170849041735806,0.11322023641320945,Historical Volatility
2023-11-21,0.08170849041735806,0.12991471094826915,GARCH
2023-11-21,0.08170849041735806,0.09730241119404416,Random Forest
2023-11-21,0.08170849041735806,0.10061398893594742,XGBoost
2023-11-21,0.08170849041735806,0.10816651582717896,Hybrid GARCH+ML
2023-11-22,0.0820890768369709,0.10030944099638871,Historical Volatility
2023-11-22,0.0820890768369709,0.12991471094826915,GARCH
2023-11-22,0.0820890768369709,0.09687880419402306,Random Forest
2023-11-22,0.0820890768369709,0.10138964653015137,XGBoost
2023-11-22,0.0820890768369709,0.11091998219490051,Hybrid GARCH+ML
2023-11-23,0.09470388746234948,0.09395425142488463,Historical Volatility
2023-11-23,0.09470388746234948,0.12991471094826915,GARCH
2023-11-23,0.09470388746234948,0.09902234200982425,Random Forest
2023-11-23,0.09470388746234948,0.10254468023777008,XGBoost
2023-11-23,0.09470388746234948,0.11848651617765427,Hybrid GARCH+ML
2023-11-24,0.17336320719618334,0.0741389498697264,Historical Volatility
2023-11-24,0.17336320719618334,0.12991471094826915,GARCH
2023-11-24,0.17336320719618334,0.10083497801853747,Random Forest
2023-11-24,0.17336320719618334,0.1063183918595314,XGBoost
2023-11-24,0.17336320719618334,0.12461362034082413,Hybrid GARCH+ML
2023-11-28,0.17946697925484095,0.06918393961659154,Historical Volatility
2023-11-28,0.17946697925484095,0.12991471094826915,GARCH
2023-11-28,0.17946697925484095,0.09935763030579983,Random Forest
2023-11-28,0.17946697925484095,0.09977138787508011,XGBoost
2023-11-28,0.17946697925484095,0.10550294816493988,Hybrid GARCH+ML
2023-11-29,0.1661274015650395,0.07453606331806663,Historical Volatility
2023-11-29,0.1661274015650395,0.12991471094826915,GARCH
2023-11-29,0.1661274015650395,0.09939980973528138,Random Forest
2023-11-29,0.1661274015650395,0.09506890177726746,XGBoost
2023-11-29,0.1661274015650395,0.10334569960832596,Hybrid GARCH+ML
2023-11-30,0.16608956281616213,0.07156453796286649,Historical Volatility
2023-11-30,0.16608956281616213,0.12991471094826915,GARCH
2023-11-30,0.16608956281616213,0.09386085450895776,Random Forest
2023-11-30,0.16608956281616213,0.09517238289117813,XGBoost
2023-11-30,0.16608956281616213,0.09838055819272995,Hybrid GARCH+ML
2023-12-01,0.160868634269055,0.06716672309174442,Historical Volatility
2023-12-01,0.160868634269055,0.12991471094826915,GARCH
2023-12-01,0.160868634269055,0.09613918618504391,Random Forest
2023-12-01,0.160868634269055,0.09816984087228775,XGBoost
2023-12-01,0.160868634269055,0.09755732864141464,Hybrid GARCH+ML
2023-12-04,0.06981199118119624,0.08988302558084967,Historical Volatility
2023-12-04,0.06981199118119624,0.10996809669459305,GARCH
2023-12-04,0.06981199118119624,0.08949724554904682,Random Forest
2023-12-04,0.06981199118119624,0.0860631912946701,XGBoost
2023-12-04,0.06981199118119624,0.08116468787193298,Hybrid GARCH+ML
2023-12-05,0.05009289298251316,0.09104147049420742,Historical Volatility
2023-12-05,0.05009289298251316,0.10996809669459305,GARCH
2023-12-05,0.05009289298251316,0.08900839306030575,Random Forest
2023-12-05,0.05009289298251316,0.09900587797164917,XGBoost
2023-12-05,0.05009289298251316,0.0946425050497055,Hybrid GARCH+ML
2023-12-06,0.04204349358720681,0.0888462758990143,Historical Volatility
2023-12-06,0.04204349358720681,0.10996809669459305,GARCH
2023-12-06,0.04204349358720681,0.08935197321109861,Random Forest
2023-12-06,0.04204349358720681,0.08994979411363602,XGBoost
2023-12-06,0.04204349358720681,0.09100299328565598,Hybrid GARCH+ML
2023-12-07,0.09531761824944986,0.08989446886475458,Historical Volatility
2023-12-07,0.09531761824944986,0.10996809669459305,GARCH
2023-12-07,0.09531761824944986,0.09538457042485955,Random Forest
2023-12-07,0.09531761824944986,0.09419353306293488,XGBoost
2023-12-07,0.09531761824944986,0.0956735759973526,Hybrid GARCH+ML
2023-12-08,0.12989149188820717,0.08965920833116939,Historical Volatility
2023-12-08,0.12989149188820717,0.10996809669459305,GARCH
2023-12-08,0.12989149188820717,0.08195762171948415,Random Forest
2023-12-08,0.12989149188820717,0.09015075117349625,XGBoost
2023-12-08,0.12989149188820717,0.08621825277805328,Hybrid GARCH+ML
2023-12-11,0.13016271954455672,0.08711834077812938,Historical Volatility
2023-12-11,0.13016271954455672,0.10996809669459305,GARCH
2023-12-11,0.13016271954455672,0.08246093085635421,Random Forest
2023-12-11,0.13016271954455672,0.09278398007154465,XGBoost
2023-12-11,0.13016271954455672,0.09224321693181992,Hybrid GARCH+ML
2023-12-12,0.1269961030756912,0.09166248427995466,Historical Volatility
2023-12-12,0.1269961030756912,0.10996809669459305,GARCH
2023-12-12,0.1269961030756912,0.09075475557703985,Random Forest
2023-12-12,0.1269961030756912,0.09531479328870773,XGBoost
2023-12-12,0.1269961030756912,0.09824715554714203,Hybrid GARCH+ML
2023-12-13,0.16210030722740626,0.09165568436514238,Historical Volatility
2023-12-13,0.16210030722740626,0.10996809669459305,GARCH
2023-12-13,0.16210030722740626,0.09196903051320826,Random Forest
2023-12-13,0.16210030722740626,0.0955340564250946,XGBoost
2023-12-13,0.16210030722740626,0.09930454939603806,Hybrid GARCH+ML
2023-12-14,0.14155765512954985,0.0920401212317131,Historical Volatility
2023-12-14,0.14155765512954985,0.10996809669459305,GARCH
2023-12-14,0.14155765512954985,0.08203604319864975,Random Forest
2023-12-14,0.14155765512954985,0.08692152053117752,XGBoost
2023-12-14,0.14155765512954985,0.08364695310592651,Hybrid GARCH+ML
2023-12-15,0.11271763570546371,0.09761430793923305,Historical Volatility
2023-12-15,0.11271763570546371,0.10996809669459305,GARCH
2023-12-15,0.11271763570546371,0.08382221027958296,Random Forest
2023-12-15,0.11271763570546371,0.09022506326436996,XGBoost
2023-12-15,0.11271763570546371,0.09086534380912781,Hybrid GARCH+ML
2023-12-18,0.11609381641016824,0.0976788221291631,Historical Volatility
2023-12-18,0.11609381641016824,0.10996809669459305,GARCH
2023-12-18,0.11609381641016824,0.08159897281596712,Random Forest
2023-12-18,0.11609381641016824,0.09665538370609283,XGBoost
2023-12-18,0.11609381641016824,0.09218708425760269,Hybrid GARCH+ML
2023-12-19,0.13524366943707997,0.0955767935155718,Historical Volatility
2023-12-19,0.13524366943707997,0.10996809669459305,GARCH
2023-12-19,0.13524366943707997,0.08045905123253039,Random Forest
2023-12-19,0.13524366943707997,0.08554618805646896,XGBoost
2023-12-19,0.13524366943707997,0.08311408758163452,Hybrid GARCH+ML
2023-12-20,0.09868306667154797,0.11593173318684803,Historical Volatility
2023-12-20,0.09868306667154797,0.10996809669459305,GARCH
2023-12-20,0.09868306667154797,0.10001912836231677,Random Forest
2023-12-20,0.09868306667154797,0.08475332707166672,XGBoost
2023-12-20,0.09868306667154797,0.084074467420578,Hybrid GARCH+ML
2023-12-21,0.0935034203205717,0.11583703831361417,Historical Volatility
2023-12-21,0.0935034203205717,0.10996809669459305,GARCH
2023-12-21,0.0935034203205717,0.09301975627111035,Random Forest
2023-12-21,0.0935034203205717,0.09386113286018372,XGBoost
2023-12-21,0.0935034203205717,0.10159806907176971,Hybrid GARCH+ML
2023-12-22,0.08812465802013895,0.11488950500527949,Historical Volatility
2023-12-22,0.08812465802013895,0.10996809669459305,GARCH
2023-12-22,0.08812465802013895,0.09496802366272183,Random Forest
2023-12-22,0.08812465802013895,0.0960603579878807,XGBoost
2023-12-22,0.08812465802013895,0.10207866877317429,Hybrid GARCH+ML
2023-12-26,0.08634062394768406,0.11385362291749339,Historical Volatility
2023-12-26,0.08634062394768406,0.10996809669459305,GARCH
2023-12-26,0.08634062394768406,0.08982856201142479,Random Forest
2023-12-26,0.08634062394768406,0.09760332852602005,XGBoost
2023-12-26,0.08634062394768406,0.10182825475931168,Hybrid GARCH+ML
2023-12-27,0.06995682021261664,0.11575809691285908,Historical Volatility
2023-12-27,0.06995682021261664,0.10996809669459305,GARCH
2023-12-27,0.06995682021261664,0.09250753397538201,Random Forest
2023-12-27,0.06995682021261664,0.09403420984745026,XGBoost
2023-12-27,0.06995682021261664,0.09061746299266815,Hybrid GARCH+ML
2023-12-28,0.07355128477170488,0.11366910801137753,Historical Volatility
2023-12-28,0.07355128477170488,0.10996809669459305,GARCH
2023-12-28,0.07355128477170488,0.09039804229458868,Random Forest
2023-12-28,0.07355128477170488,0.09856963157653809,XGBoost
2023-12-28,0.07355128477170488,0.09285059571266174,Hybrid GARCH+ML
2023-12-29,0.07391631538258076,0.11556174728901318,Historical Volatility
2023-12-29,0.07391631538258076,0.10996809669459305,GARCH
2023-12-29,0.07391631538258076,0.08557785697020234,Random Forest
2023-12-29,0.07391631538258076,0.09645050764083862,XGBoost
2023-12-29,0.07391631538258076,0.0944165587425232,Hybrid GARCH+ML
2024-01-01,0.09835521877584971,0.11562421458474482,Historical Volatility
2024-01-01,0.09835521877584971,0.10996809669459305,GARCH
2024-01-01,0.09835521877584971,0.087125285231557,Random Forest
2024-01-01,0.09835521877584971,0.08775297552347183,XGBoost
2024-01-01,0.09835521877584971,0.09197410941123962,Hybrid GARCH+ML
2024-01-02,0.09573106970784917,0.09915513301163333,Historical Volatility
2024-01-02,0.09573106970784917,0.12117047756558849,GARCH
2024-01-02,0.09573106970784917,0.09434082967544001,Random Forest
2024-01-02,0.09573106970784917,0.0962749794125557,XGBoost
2024-01-02,0.09573106970784917,0.09742464870214462,Hybrid GARCH+ML
2024-01-03,0.08586080292106804,0.1017730117436094,Historical Volatility
2024-01-03,0.08586080292106804,0.12117047756558849,GARCH
2024-01-03,0.08586080292106804,0.10012049144067187,Random Forest
2024-01-03,0.08586080292106804,0.10274234414100647,XGBoost
2024-01-03,0.08586080292106804,0.11395124346017838,Hybrid GARCH+ML
2024-01-04,0.07281397458766445,0.10298775621994008,Historical Volatility
2024-01-04,0.07281397458766445,0.12117047756558849,GARCH
2024-01-04,0.07281397458766445,0.10080358631449438,Random Forest
2024-01-04,0.07281397458766445,0.09874794632196426,XGBoost
2024-01-04,0.07281397458766445,0.10891775041818619,Hybrid GARCH+ML
2024-01-05,0.10731196080838909,0.10220022099703745,Historical Volatility
2024-01-05,0.10731196080838909,0.12117047756558849,GARCH
2024-01-05,0.10731196080838909,0.09826796976568045,Random Forest
2024-01-05,0.10731196080838909,0.09797206521034241,XGBoost
2024-01-05,0.10731196080838909,0.1079954132437706,Hybrid GARCH+ML
2024-01-08,0.1076219382171351,0.10926325719688526,Historical Volatility
2024-01-08,0.1076219382171351,0.12117047756558849,GARCH
2024-01-08,0.1076219382171351,0.10572675823687946,Random Forest
2024-01-08,0.1076219382171351,0.10808823257684708,XGBoost
2024-01-08,0.1076219382171351,0.11961203068494797,Hybrid GARCH+ML
2024-01-09,0.10914006016022194,0.10926550223266442,Historical Volatility
2024-01-09,0.10914006016022194,0.12117047756558849,GARCH
2024-01-09,0.10914006016022194,0.10027132666249092,Random Forest
2024-01-09,0.10914006016022194,0.10302650183439255,XGBoost
2024-01-09,0.10914006016022194,0.11448503285646439,Hybrid GARCH+ML
2024-01-10,0.18383022954023906,0.10742961995451718,Historical Volatility
2024-01-10,0.18383022954023906,0.12117047756558849,GARCH
2024-01-10,0.18383022954023906,0.09960158602768285,Random Forest
2024-01-10,0.18383022954023906,0.1021418645977974,XGBoost
2024-01-10,0.18383022954023906,0.10765919834375381,Hybrid GARCH+ML
2024-01-11,0.18712583866516733,0.10740498298535954,Historical Volatility
2024-01-11,0.18712583866516733,0.12117047756558849,GARCH
2024-01-11,0.18712583866516733,0.09725337700960435,Random Forest
2024-01-11,0.18712583866516733,0.09682420641183853,XGBoost
2024-01-11,0.18712583866516733,0.10735809803009033,Hybrid GARCH+ML
2024-01-12,0.1769054642734981,0.10638538975671642,Historical Volatility
2024-01-12,0.1769054642734981,0.12117047756558849,GARCH
2024-01-12,0.1769054642734981,0.09876010734501683,Random Forest
2024-01-12,0.1769054642734981,0.09631664305925369,XGBoost
2024-01-12,0.1769054642734981,0.09945268929004669,Hybrid GARCH+ML
2024-01-15,0.20773991366505798,0.10201287465822925,Historical Volatility
2024-01-15,0.20773991366505798,0.12117047756558849,GARCH
2024-01-15,0.20773991366505798,0.09371416286118504,Random Forest
2024-01-15,0.20773991366505798,0.08697765320539474,XGBoost
2024-01-15,0.20773991366505798,0.09152379631996155,Hybrid GARCH+ML
2024-01-16,0.21871545278403273,0.10259488680860203,Historical Volatility
2024-01-16,0.21871545278403273,0.12117047756558849,GARCH
2024-01-16,0.21871545278403273,0.09087195418382303,Random Forest
2024-01-16,0.21871545278403273,0.0854441449046135,XGBoost
2024-01-16,0.21871545278403273,0.0931856781244278,Hybrid GARCH+ML
2024-01-17,0.16277103014183136,0.13005416057649427,Historical Volatility
2024-01-17,0.16277103014183136,0.12117047756558849,GARCH
2024-01-17,0.16277103014183136,0.10622597791749908,Random Forest
2024-01-17,0.16277103014183136,0.10267611593008041,XGBoost
2024-01-17,0.16277103014183136,0.10195204615592957,Hybrid GARCH+ML
2024-01-18,0.20317216483268516,0.1202249547357283,Historical Volatility
2024-01-18,0.20317216483268516,0.12117047756558849,GARCH
2024-01-18,0.20317216483268516,0.12419850581476624,Random Forest
2024-01-18,0.20317216483268516,0.11961545795202255,XGBoost
2024-01-18,0.20317216483268516,0.12200388312339783,Hybrid GARCH+ML
2024-01-19,0.2085577954147406,0.12169633744107128,Historical Volatility
2024-01-19,0.2085577954147406,0.12117047756558849,GARCH
2024-01-19,0.2085577954147406,0.10006327574831662,Random Forest
2024-01-19,0.2085577954147406,0.09878722578287125,XGBoost
2024-01-19,0.2085577954147406,0.10703983157873154,Hybrid GARCH+ML
2024-01-23,0.17836931443097695,0.13775462182949358,Historical Volatility
2024-01-23,0.17836931443097695,0.12117047756558849,GARCH
2024-01-23,0.17836931443097695,0.12750121675731876,Random Forest
2024-01-23,0.17836931443097695,0.11928577721118927,XGBoost
2024-01-23,0.17836931443097695,0.1268933266401291,Hybrid GARCH+ML
2024-01-24,0.1636489705742463,0.14176172874312915,Historical Volatility
2024-01-24,0.1636489705742463,0.12117047756558849,GARCH
2024-01-24,0.1636489705742463,0.12462787285797981,Random Forest
2024-01-24,0.1636489705742463,0.11173880100250244,XGBoost
2024-01-24,0.1636489705742463,0.1265246868133545,Hybrid GARCH+ML
2024-01-25,0.16807509343590174,0.13770338718705571,Historical Volatility
2024-01-25,0.16807509343590174,0.12117047756558849,GARCH
2024-01-25,0.16807509343590174,0.12812349454602534,Random Forest
2024-01-25,0.16807509343590174,0.11998444050550461,XGBoost
2024-01-25,0.16807509343590174,0.13521453738212585,Hybrid GARCH+ML
2024-01-29,0.1134404679043748,0.151308053620042,Historical Volatility
2024-01-29,0.1134404679043748,0.12117047756558849,GARCH
2024-01-29,0.1134404679043748,0.11901973308829675,Random Forest
2024-01-29,0.1134404679043748,0.09766940027475357,XGBoost
2024-01-29,0.1134404679043748,0.10685324668884277,Hybrid GARCH+ML
2024-01-30,0.10242608495203505,0.15520389502257503,Historical Volatility
2024-01-30,0.10242608495203505,0.12117047756558849,GARCH
2024-01-30,0.10242608495203505,0.1504899691053765,Random Forest
2024-01-30,0.10242608495203505,0.13648265600204468,XGBoost
2024-01-30,0.10242608495203505,0.14898699522018433,Hybrid GARCH+ML
2024-01-31,0.07760882919960871,0.15913112302924998,Historical Volatility
2024-01-31,0.07760882919960871,0.12117047756558849,GARCH
2024-01-31,0.07760882919960871,0.13569307425981042,Random Forest
2024-01-31,0.07760882919960871,0.11637108027935028,XGBoost
2024-01-31,0.07760882919960871,0.12305040657520294,Hybrid GARCH+ML
2024-02-01,0.10352987039399579,0.15868543523133632,Historical Volatility
2024-02-01,0.10352987039399579,0.1609860069622456,GARCH
2024-02-01,0.10352987039399579,0.1388919559051252,Random Forest
2024-02-01,0.10352987039399579,0.11992290616035461,XGBoost
2024-02-01,0.10352987039399579,0.12378500401973724,Hybrid GARCH+ML
2024-02-02,0.09254192137979116,0.15836554254977456,Historical Volatility
2024-02-02,0.09254192137979116,0.1609860069622456,GARCH
2024-02-02,0.09254192137979116,0.13936678401540736,Random Forest
2024-02-02,0.09254192137979116,0.12958408892154694,XGBoost
2024-02-02,0.09254192137979116,0.1274966150522232,Hybrid GARCH+ML
2024-02-05,0.10399783533027586,0.15761150036703991,Historical Volatility
2024-02-05,0.10399783533027586,0.1609860069622456,GARCH
2024-02-05,0.10399783533027586,0.1448582804513002,Random Forest
2024-02-05,0.10399783533027586,0.13561511039733887,XGBoost
2024-02-05,0.10399783533027586,0.1463259756565094,Hybrid GARCH+ML
2024-02-06,0.09962549105924587,0.15939518199502672,Historical Volatility
2024-02-06,0.09962549105924587,0.1609860069622456,GARCH
2024-02-06,0.09962549105924587,0.1401558801765023,Random Forest
2024-02-06,0.09962549105924587,0.12807001173496246,XGBoost
2024-02-06,0.09962549105924587,0.13101240992546082,Hybrid GARCH+ML
2024-02-07,0.1044969971605744,0.1552977564519896,Historical Volatility
2024-02-07,0.1044969971605744,0.1609860069622456,GARCH
2024-02-07,0.1044969971605744,0.13997522111215144,Random Forest
2024-02-07,0.1044969971605744,0.14172540605068207,XGBoost
2024-02-07,0.1044969971605744,0.14125308394432068,Hybrid GARCH+ML
2024-02-08,0.0816420943110355,0.15984042179910837,Historical Volatility
2024-02-08,0.0816420943110355,0.1609860069622456,GARCH
2024-02-08,0.0816420943110355,0.14437995086454503,Random Forest
2024-02-08,0.0816420943110355,0.13715484738349915,XGBoost
2024-02-08,0.0816420943110355,0.14940840005874634,Hybrid GARCH+ML
2024-02-09,0.08935248748669086,0.15973466985310156,Historical Volatility
2024-02-09,0.08935248748669086,0.1609860069622456,GARCH
2024-02-09,0.08935248748669086,0.13936933395806428,Random Forest
2024-02-09,0.08935248748669086,0.12539587914943695,XGBoost
2024-02-09,0.08935248748669086,0.13550366461277008,Hybrid GARCH+ML
2024-02-12,0.07553631064754186,0.16220038976101395,Historical Volatility
2024-02-12,0.07553631064754186,0.1609860069622456,GARCH
2024-02-12,0.07553631064754186,0.14277404307385871,Random Forest
2024-02-12,0.07553631064754186,0.12652908265590668,XGBoost
2024-02-12,0.07553631064754186,0.1404229998588562,Hybrid GARCH+ML
2024-02-13,0.06740518613056742,0.15818631714466308,Historical Volatility
2024-02-13,0.06740518613056742,0.1609860069622456,GARCH
2024-02-13,0.06740518613056742,0.14406164136460076,Random Forest
2024-02-13,0.06740518613056742,0.13116993010044098,XGBoost
2024-02-13,0.06740518613056742,0.14836101233959198,Hybrid GARCH+ML
2024-02-14,0.07497913228850608,0.15523182004769093,Historical Volatility
2024-02-14,0.07497913228850608,0.1609860069622456,GARCH
2024-02-14,0.07497913228850608,0.14361484480118641,Random Forest
2024-02-14,0.07497913228850608,0.14716987311840057,XGBoost
2024-02-14,0.07497913228850608,0.15373288094997406,Hybrid GARCH+ML
2024-02-15,0.08836321283772867,0.1555331873619835,Historical Volatility
2024-02-15,0.08836321283772867,0.1609860069622456,GARCH
2024-02-15,0.08836321283772867,0.14010156457854414,Random Forest
2024-02-15,0.08836321283772867,0.13544297218322754,XGBoost
2024-02-15,0.08836321283772867,0.14079885184764862,Hybrid GARCH+ML
2024-02-16,0.07776891485670134,0.13584723134199375,Historical Volatility
2024-02-16,0.07776891485670134,0.1609860069622456,GARCH
2024-02-16,0.07776891485670134,0.13454415945175172,Random Forest
2024-02-16,0.07776891485670134,0.1326250433921814,XGBoost
2024-02-16,0.07776891485670134,0.13880343735218048,Hybrid GARCH+ML
2024-02-19,0.07876146157786154,0.1341220478540312,Historical Volatility
2024-02-19,0.07876146157786154,0.1609860069622456,GARCH
2024-02-19,0.07876146157786154,0.12896760931082124,Random Forest
2024-02-19,0.07876146157786154,0.11422043293714523,XGBoost
2024-02-19,0.07876146157786154,0.12202032655477524,Hybrid GARCH+ML
2024-03-20,0.10215536100492255,0.13228764423904152,Historical Volatility
2024-03-20,0.10215536100492255,0.1609860069622456,GARCH
2024-03-20,0.10215536100492255,0.1295574275732308,Random Forest
2024-03-20,0.10215536100492255,0.1326313316822052,XGBoost
2024-03-20,0.10215536100492255,0.14520862698554993,Hybrid GARCH+ML
2024-03-21,0.09559087266323903,0.11321794516202426,Historical Volatility
2024-03-21,0.09559087266323903,0.1609860069622456,GARCH
2024-03-21,0.09559087266323903,0.12417444727943225,Random Forest
2024-03-21,0.09559087266323903,0.12374404817819595,XGBoost
2024-03-21,0.09559087266323903,0.13164539635181427,Hybrid GARCH+ML
2024-03-22,0.09165167173960526,0.10977983158146497,Historical Volatility
2024-03-22,0.09165167173960526,0.1609860069622456,GARCH
2024-03-22,0.09165167173960526,0.11595432494262982,Random Forest
2024-03-22,0.09165167173960526,0.11834486573934555,XGBoost
2024-03-22,0.09165167173960526,0.12270607799291611,Hybrid GARCH+ML
2024-03-26,0.08692833200262041,0.1093291604969599,Historical Volatility
2024-03-26,0.08692833200262041,0.1609860069622456,GARCH
2024-03-26,0.08692833200262041,0.1246050217023942,Random Forest
2024-03-26,0.08692833200262041,0.11994911730289459,XGBoost
2024-03-26,0.08692833200262041,0.12168397009372711,Hybrid GARCH+ML
2024-03-27,0.0820382514057504,0.09341948506753346,Historical Volatility
2024-03-27,0.0820382514057504,0.1609860069622456,GARCH
2024-03-27,0.0820382514057504,0.11034330694831754,Random Forest
2024-03-27,0.0820382514057504,0.10650721192359924,XGBoost
2024-03-27,0.0820382514057504,0.10948354750871658,Hybrid GARCH+ML
2024-03-28,0.05015284826430888,0.08648684951594872,Historical Volatility
2024-03-28,0.05015284826430888,0.1609860069622456,GARCH
2024-03-28,0.05015284826430888,0.11155392013070964,Random Forest
2024-03-28,0.05015284826430888,0.1080976203083992,XGBoost
2024-03-28,0.05015284826430888,0.11361701041460037,Hybrid GARCH+ML
2024-04-01,0.054598577397471926,0.08370324070532666,Historical Volatility
2024-04-01,0.054598577397471926,0.1609860069622456,GARCH
2024-04-01,0.054598577397471926,0.10713467101712987,Random Forest
2024-04-01,0.054598577397471926,0.11080370843410492,XGBoost
2024-04-01,0.054598577397471926,0.11480217427015305,Hybrid GARCH+ML
2024-05-03,0.12382262922325647,0.09015475907490106,Historical Volatility
2024-05-03,0.12382262922325647,0.11960103484201733,GARCH
2024-05-03,0.12382262922325647,0.10664015399883761,Random Forest
2024-05-03,0.12382262922325647,0.10586228221654892,XGBoost
2024-05-03,0.12382262922325647,0.11816099286079407,Hybrid GARCH+ML
2024-05-06,0.124374273675787,0.08883960548259252,Historical Volatility
2024-05-06,0.124374273675787,0.11960103484201733,GARCH
2024-05-06,0.124374273675787,0.10458875168886589,Random Forest
2024-05-06,0.124374273675787,0.10575751215219498,XGBoost
2024-05-06,0.124374273675787,0.11918702721595764,Hybrid GARCH+ML
2024-05-07,0.1217323710388314,0.09125884308998637,Historical Volatility
2024-05-07,0.1217323710388314,0.11960103484201733,GARCH
2024-05-07,0.1217323710388314,0.13752005634967954,Random Forest
2024-05-07,0.1217323710388314,0.12291468679904938,XGBoost
2024-05-07,0.1217323710388314,0.1305173933506012,Hybrid GARCH+ML
2024-05-08,0.12185789833500257,0.08880948677150191,Historical Volatility
2024-05-08,0.12185789833500257,0.11960103484201733,GARCH
2024-05-08,0.12185789833500257,0.13495007327937172,Random Forest
2024-05-08,0.12185789833500257,0.12128585577011108,XGBoost
2024-05-08,0.12185789833500257,0.12627390027046204,Hybrid GARCH+ML
2024-05-09,0.08238776188577948,0.10684087130750713,Historical Volatility
2024-05-09,0.08238776188577948,0.11960103484201733,GARCH
2024-05-09,0.08238776188577948,0.1306377338322832,Random Forest
2024-05-09,0.08238776188577948,0.1365065723657608,XGBoost
2024-05-09,0.08238776188577948,0.1392286866903305,Hybrid GARCH+ML
2024-05-10,0.07862811928009752,0.1007780184621107,Historical Volatility
2024-05-10,0.07862811928009752,0.11960103484201733,GARCH
2024-05-10,0.07862811928009752,0.13563741900038484,Random Forest
2024-05-10,0.07862811928009752,0.13968373835086823,XGBoost
2024-05-10,0.07862811928009752,0.14074526727199554,Hybrid GARCH+ML
2024-05-13,0.07956299645450217,0.1006230612864136,Historical Volatility
2024-05-13,0.07956299645450217,0.11960103484201733,GARCH
2024-05-13,0.07956299645450217,0.13220289342771077,Random Forest
2024-05-13,0.07956299645450217,0.1376940757036209,XGBoost
2024-05-13,0.07956299645450217,0.14471793174743652,Hybrid GARCH+ML
2024-05-14,0.07395380785408898,0.09613146052773688,Historical Volatility
2024-05-14,0.07395380785408898,0.11960103484201733,GARCH
2024-05-14,0.07395380785408898,0.12904987600303996,Random Forest
2024-05-14,0.07395380785408898,0.12702545523643494,XGBoost
2024-05-14,0.07395380785408898,0.13316333293914795,Hybrid GARCH+ML
2024-05-15,0.13682600749933585,0.09515785128113331,Historical Volatility
2024-05-15,0.13682600749933585,0.11960103484201733,GARCH
2024-05-15,0.13682600749933585,0.12548833057554312,Random Forest
2024-05-15,0.13682600749933585,0.11499042063951492,XGBoost
2024-05-15,0.13682600749933585,0.128636434674263,Hybrid GARCH+ML
2024-05-16,0.1205983264555867,0.0985753016670642,Historical Volatility
2024-05-16,0.1205983264555867,0.11960103484201733,GARCH
2024-05-16,0.1205983264555867,0.11237088219221268,Random Forest
2024-05-16,0.1205983264555867,0.10551119595766068,XGBoost
2024-05-16,0.1205983264555867,0.11299239844083786,Hybrid GARCH+ML
2024-05-17,0.11922291662581884,0.09848547849991754,Historical Volatility
2024-05-17,0.11922291662581884,0.11960103484201733,GARCH
2024-05-17,0.11922291662581884,0.10904646787276699,Random Forest
2024-05-17,0.11922291662581884,0.10566435009241104,XGBoost
2024-05-17,0.11922291662581884,0.11443524062633514,Hybrid GARCH+ML
2024-05-21,0.11835508501332044,0.09726074096145665,Historical Volatility
2024-05-21,0.11835508501332044,0.11960103484201733,GARCH
2024-05-21,0.11835508501332044,0.1033638622496678,Random Forest
2024-05-21,0.11835508501332044,0.10307081788778305,XGBoost
2024-05-21,0.11835508501332044,0.10860983282327652,Hybrid GARCH+ML
2024-05-22,0.12963007285155753,0.09708349293602428,Historical Volatility
2024-05-22,0.12963007285155753,0.11960103484201733,GARCH
2024-05-22,0.12963007285155753,0.10183058864205757,Random Forest
2024-05-22,0.12963007285155753,0.0993892252445221,XGBoost
2024-05-22,0.12963007285155753,0.10540453344583511,Hybrid GARCH+ML
2024-05-23,0.09015844624643965,0.11049886613600399,Historical Volatility
2024-05-23,0.09015844624643965,0.11960103484201733,GARCH
2024-05-23,0.09015844624643965,0.1145953097610298,Random Forest
2024-05-23,0.09015844624643965,0.10540067404508591,XGBoost
2024-05-23,0.09015844624643965,0.11178429424762726,Hybrid GARCH+ML
2024-05-24,0.09107018293902586,0.1086669971065816,Historical Volatility
2024-05-24,0.09107018293902586,0.11960103484201733,GARCH
2024-05-24,0.09107018293902586,0.11234603868081405,Random Forest
2024-05-24,0.09107018293902586,0.105256587266922,XGBoost
2024-05-24,0.09107018293902586,0.11058048903942108,Hybrid GARCH+ML
2024-05-27,0.2447912357855773,0.10877559739565089,Historical Volatility
2024-05-27,0.2447912357855773,0.11960103484201733,GARCH
2024-05-27,0.2447912357855773,0.11519322986154604,Random Forest
2024-05-27,0.2447912357855773,0.1091592013835907,XGBoost
2024-05-27,0.2447912357855773,0.11368938535451889,Hybrid GARCH+ML
2024-05-28,0.4980332830787793,0.10752422543968451,Historical Volatility
2024-05-28,0.4980332830787793,0.11960103484201733,GARCH
2024-05-28,0.4980332830787793,0.11199725419152388,Random Forest
2024-05-28,0.4980332830787793,0.10410181432962418,XGBoost
2024-05-28,0.4980332830787793,0.10960988700389862,Hybrid GARCH+ML
2024-05-29,0.5476278337056689,0.11166737090601156,Historical Volatility
2024-05-29,0.5476278337056689,0.11960103484201733,GARCH
2024-05-29,0.5476278337056689,0.11288556738199938,Random Forest
2024-05-29,0.5476278337056689,0.11099379509687424,XGBoost
2024-05-29,0.5476278337056689,0.1167706623673439,Hybrid GARCH+ML
2024-05-30,0.5470239987303339,0.11304498373903495,Historical Volatility
2024-05-30,0.5470239987303339,0.11960103484201733,GARCH
2024-05-30,0.5470239987303339,0.12806591640708923,Random Forest
2024-05-30,0.5470239987303339,0.1246555745601654,XGBoost
2024-05-30,0.5470239987303339,0.13113011419773102,Hybrid GARCH+ML
2024-05-31,0.5655916410294367,0.11102036576361503,Historical Volatility
2024-05-31,0.5655916410294367,0.11960103484201733,GARCH
2024-05-31,0.5655916410294367,0.12432025922813601,Random Forest
2024-05-31,0.5655916410294367,0.12305816262960434,XGBoost
2024-05-31,0.5655916410294367,0.12953722476959229,Hybrid GARCH+ML
2024-06-03,0.5179728667244792,0.15615322190339723,Historical Volatility
2024-06-03,0.5179728667244792,0.12359104043537474,GARCH
2024-06-03,0.5179728667244792,0.11814548319694262,Random Forest
2024-06-03,0.5179728667244792,0.10871697962284088,XGBoost
2024-06-03,0.5179728667244792,0.111918143928051,Hybrid GARCH+ML
2024-06-04,0.2828356957549833,0.2725347351009496,Historical Volatility
2024-06-04,0.2828356957549833,0.12359104043537474,GARCH
2024-06-04,0.2828356957549833,0.2355201215968679,Random Forest
2024-06-04,0.2828356957549833,0.26635754108428955,XGBoost
2024-06-04,0.2828356957549833,0.2762812674045563,Hybrid GARCH+ML
2024-06-05,0.15870265742006656,0.2975706432811714,Historical Volatility
2024-06-05,0.15870265742006656,0.12359104043537474,GARCH
2024-06-05,0.15870265742006656,0.23870307243708513,Random Forest
2024-06-05,0.15870265742006656,0.2565240263938904,XGBoost
2024-06-05,0.15870265742006656,0.2559121549129486,Hybrid GARCH+ML
2024-06-06,0.14755646726395188,0.29894614569445366,Historical Volatility
2024-06-06,0.14755646726395188,0.12359104043537474,GARCH
2024-06-06,0.14755646726395188,0.23089346540475603,Random Forest
2024-06-06,0.14755646726395188,0.22315247356891632,XGBoost
2024-06-06,0.14755646726395188,0.22322139143943787,Hybrid GARCH+ML
2024-06-07,0.03669808952909717,0.29946026360943173,Historical Volatility
2024-06-07,0.03669808952909717,0.12359104043537474,GARCH
2024-06-07,0.03669808952909717,0.1886644420708154,Random Forest
2024-06-07,0.03669808952909717,0.1748216301202774,XGBoost
2024-06-07,0.03669808952909717,0.17686817049980164,Hybrid GARCH+ML
2024-06-10,0.04510382896503,0.2997787297175803,Historical Volatility
2024-06-10,0.04510382896503,0.12359104043537474,GARCH
2024-06-10,0.04510382896503,0.1830069191058319,Random Forest
2024-06-10,0.04510382896503,0.19316072762012482,XGBoost
2024-06-10,0.04510382896503,0.18118418753147125,Hybrid GARCH+ML
2024-06-11,0.04680923390500613,0.29989901975112987,Historical Volatility
2024-06-11,0.04680923390500613,0.12359104043537474,GARCH
2024-06-11,0.04680923390500613,0.1794440552567624,Random Forest
2024-06-11,0.04680923390500613,0.1848118007183075,XGBoost
2024-06-11,0.04680923390500613,0.17772677540779114,Hybrid GARCH+ML
2024-06-12,0.04597938064940863,0.2997446293214438,Historical Volatility
2024-06-12,0.04597938064940863,0.12359104043537474,GARCH
2024-06-12,0.04597938064940863,0.175999695070848,Random Forest
2024-06-12,0.04597938064940863,0.17326806485652924,XGBoost
2024-06-12,0.04597938064940863,0.16835583746433258,Hybrid GARCH+ML
2024-06-13,0.044458458616272775,0.2995141996587889,Historical Volatility
2024-06-13,0.044458458616272775,0.12359104043537474,GARCH
2024-06-13,0.044458458616272775,0.18936856920971615,Random Forest
2024-06-13,0.044458458616272775,0.18998965620994568,XGBoost
2024-06-13,0.044458458616272775,0.17851980030536652,Hybrid GARCH+ML
2024-06-14,0.04112475669767616,0.298538395542533,Historical Volatility
2024-06-14,0.04112475669767616,0.12359104043537474,GARCH
2024-06-14,0.04112475669767616,0.1870581307547121,Random Forest
2024-06-14,0.04112475669767616,0.18736034631729126,XGBoost
2024-06-14,0.04112475669767616,0.18269303441047668,Hybrid GARCH+ML
2024-06-18,0.0628676815623021,0.2985898508378072,Historical Volatility
2024-06-18,0.0628676815623021,0.12359104043537474,GARCH
2024-06-18,0.0628676815623021,0.1819782950577299,Random Forest
2024-06-18,0.0628676815623021,0.20054717361927032,XGBoost
2024-06-18,0.0628676815623021,0.1886102259159088,Hybrid GARCH+ML
2024-06-19,0.07569175167106423,0.29894537989362835,Historical Volatility
2024-06-19,0.07569175167106423,0.12359104043537474,GARCH
2024-06-19,0.07569175167106423,0.18353328977156647,Random Forest
2024-06-19,0.07569175167106423,0.19207890331745148,XGBoost
2024-06-19,0.07569175167106423,0.1828155815601349,Hybrid GARCH+ML
2024-06-20,0.09057402833615098,0.298926434225827,Historical Volatility
2024-06-20,0.09057402833615098,0.12359104043537474,GARCH
2024-06-20,0.09057402833615098,0.18282279810372232,Random Forest
2024-06-20,0.09057402833615098,0.1832299530506134,XGBoost
2024-06-20,0.09057402833615098,0.17722578346729279,Hybrid GARCH+ML
2024-06-21,0.0889313514557489,0.294593726556374,Historical Volatility
2024-06-21,0.0889313514557489,0.12359104043537474,GARCH
2024-06-21,0.0889313514557489,0.1846346294646902,Random Forest
2024-06-21,0.0889313514557489,0.18747717142105103,XGBoost
2024-06-21,0.0889313514557489,0.19551056623458862,Hybrid GARCH+ML
2024-06-24,0.09636287369085485,0.29453481668785103,Historical Volatility
2024-06-24,0.09636287369085485,0.12359104043537474,GARCH
2024-06-24,0.09636287369085485,0.18728334192551283,Random Forest
2024-06-24,0.09636287369085485,0.19998402893543243,XGBoost
2024-06-24,0.09636287369085485,0.19220760464668274,Hybrid GARCH+ML
2024-06-25,0.0792232234374864,0.29527992837298084,Historical Volatility
2024-06-25,0.0792232234374864,0.12359104043537474,GARCH
2024-06-25,0.0792232234374864,0.17583014795321086,Random Forest
2024-06-25,0.0792232234374864,0.1696181744337082,XGBoost
2024-06-25,0.0792232234374864,0.17026816308498383,Hybrid GARCH+ML
2024-06-26,0.08133551778311326,0.295366951849389,Historical Volatility
2024-06-26,0.08133551778311326,0.12359104043537474,GARCH
2024-06-26,0.08133551778311326,0.17910157928825193,Random Forest
2024-06-26,0.08133551778311326,0.19429384171962738,XGBoost
2024-06-26,0.08133551778311326,0.17351897060871124,Hybrid GARCH+ML
2024-06-27,0.06265324928188606,0.2933996368443204,Historical Volatility
2024-06-27,0.06265324928188606,0.12359104043537474,GARCH
2024-06-27,0.06265324928188606,0.18250488919371516,Random Forest
2024-06-27,0.06265324928188606,0.18366903066635132,XGBoost
2024-06-27,0.06265324928188606,0.1741771399974823,Hybrid GARCH+ML
2024-06-28,0.06217111734258892,0.29023001310066066,Historical Volatility
2024-06-28,0.06217111734258892,0.12359104043537474,GARCH
2024-06-28,0.06217111734258892,0.16888283495395207,Random Forest
2024-06-28,0.06217111734258892,0.18200474977493286,XGBoost
2024-06-28,0.06217111734258892,0.17796173691749573,Hybrid GARCH+ML
2024-07-01,0.048642619095923136,0.29027884611141436,Historical Volatility
2024-07-01,0.048642619095923136,0.12359104043537474,GARCH
2024-07-01,0.048642619095923136,0.1744433309161745,Random Forest
2024-07-01,0.048642619095923136,0.15540240705013275,XGBoost
2024-07-01,0.048642619095923136,0.1624956876039505,Hybrid GARCH+ML
2024-08-02,0.23178953198205304,0.27430848788384254,Historical Volatility
2024-08-02,0.23178953198205304,0.16566702035496705,GARCH
2024-08-02,0.23178953198205304,0.1119063729902316,Random Forest
2024-08-02,0.23178953198205304,0.11208992451429367,XGBoost
2024-08-02,0.23178953198205304,0.12148400396108627,Hybrid GARCH+ML
2024-08-05,0.12886549670538527,0.1832109396909914,Historical Volatility
2024-08-05,0.12886549670538527,0.16566702035496705,GARCH
2024-08-05,0.12886549670538527,0.14325933464137405,Random Forest
2024-08-05,0.12886549670538527,0.14440415799617767,XGBoost
2024-08-05,0.12886549670538527,0.14715194702148438,Hybrid GARCH+ML
2024-08-06,0.1413128530412648,0.14529503397512744,Historical Volatility
2024-08-06,0.1413128530412648,0.16566702035496705,GARCH
2024-08-06,0.1413128530412648,0.15757626372534286,Random Forest
2024-08-06,0.1413128530412648,0.15696942806243896,XGBoost
2024-08-06,0.1413128530412648,0.16235674917697906,Hybrid GARCH+ML
2024-08-07,0.10923157684041802,0.14852725841766137,Historical Volatility
2024-08-07,0.10923157684041802,0.16566702035496705,GARCH
2024-08-07,0.10923157684041802,0.1645331901537222,Random Forest
2024-08-07,0.10923157684041802,0.1623268723487854,XGBoost
2024-08-07,0.10923157684041802,0.15930113196372986,Hybrid GARCH+ML
2024-08-08,0.15020816594673753,0.13345260682354865,Historical Volatility
2024-08-08,0.15020816594673753,0.16566702035496705,GARCH
2024-08-08,0.15020816594673753,0.16849934655319074,Random Forest
2024-08-08,0.15020816594673753,0.17135199904441833,XGBoost
2024-08-08,0.15020816594673753,0.1662835031747818,Hybrid GARCH+ML
2024-08-09,0.13139203039216704,0.13827317788826668,Historical Volatility
2024-08-09,0.13139203039216704,0.16566702035496705,GARCH
2024-08-09,0.13139203039216704,0.16426521463412652,Random Forest
2024-08-09,0.13139203039216704,0.15909849107265472,XGBoost
2024-08-09,0.13139203039216704,0.15944673120975494,Hybrid GARCH+ML
2024-08-12,0.13620103121852803,0.13835967113716258,Historical Volatility
2024-08-12,0.13620103121852803,0.16566702035496705,GARCH
2024-08-12,0.13620103121852803,0.15350105937238642,Random Forest
2024-08-12,0.13620103121852803,0.15380850434303284,XGBoost
2024-08-12,0.13620103121852803,0.1496753692626953,Hybrid GARCH+ML
2024-08-13,0.12353122912428237,0.14178970799262045,Historical Volatility
2024-08-13,0.12353122912428237,0.16566702035496705,GARCH
2024-08-13,0.12353122912428237,0.158948311609994,Random Forest
2024-08-13,0.12353122912428237,0.1620955765247345,XGBoost
2024-08-13,0.12353122912428237,0.15259721875190735,Hybrid GARCH+ML
2024-08-14,0.12408825991120326,0.14126047750093956,Historical Volatility
2024-08-14,0.12408825991120326,0.16566702035496705,GARCH
2024-08-14,0.12408825991120326,0.16270866082151422,Random Forest
2024-08-14,0.12408825991120326,0.16205748915672302,XGBoost
2024-08-14,0.12408825991120326,0.16375938057899475,Hybrid GARCH+ML
2024-08-16,0.04445058505952554,0.15275324266420162,Historical Volatility
2024-08-16,0.04445058505952554,0.16566702035496705,GARCH
2024-08-16,0.04445058505952554,0.14250140021056776,Random Forest
2024-08-16,0.04445058505952554,0.13615792989730835,XGBoost
2024-08-16,0.04445058505952554,0.14103005826473236,Hybrid GARCH+ML
2024-08-19,0.0688865318647934,0.15224810146682438,Historical Volatility
2024-08-19,0.0688865318647934,0.16566702035496705,GARCH
2024-08-19,0.0688865318647934,0.1376836475785182,Random Forest
2024-08-19,0.0688865318647934,0.13427962362766266,XGBoost
2024-08-19,0.0688865318647934,0.13355672359466553,Hybrid GARCH+ML
2024-08-20,0.0585398684539856,0.15294289244530057,Historical Volatility
2024-08-20,0.0585398684539856,0.16566702035496705,GARCH
2024-08-20,0.0585398684539856,0.12945716523749487,Random Forest
2024-08-20,0.0585398684539856,0.12882372736930847,XGBoost
2024-08-20,0.0585398684539856,0.12679806351661682,Hybrid GARCH+ML
2024-08-21,0.055711788705157604,0.15305632097450872,Historical Volatility
2024-08-21,0.055711788705157604,0.16566702035496705,GARCH
2024-08-21,0.055711788705157604,0.1115455631002281,Random Forest
2024-08-21,0.055711788705157604,0.10409089177846909,XGBoost
2024-08-21,0.055711788705157604,0.11092063784599304,Hybrid GARCH+ML
2024-08-22,0.06129747725939065,0.15251336399788873,Historical Volatility
2024-08-22,0.06129747725939065,0.16566702035496705,GARCH
2024-08-22,0.06129747725939065,0.11211790948233924,Random Forest
2024-08-22,0.06129747725939065,0.10344313085079193,XGBoost
2024-08-22,0.06129747725939065,0.10755093395709991,Hybrid GARCH+ML
2024-08-23,0.06561930791252633,0.15250401415755163,Historical Volatility
2024-08-23,0.06561930791252633,0.16566702035496705,GARCH
2024-08-23,0.06561930791252633,0.11284023630261604,Random Forest
2024-08-23,0.06561930791252633,0.10131575167179108,XGBoost
2024-08-23,0.06561930791252633,0.11056645214557648,Hybrid GARCH+ML
2024-08-26,0.03997727500939147,0.15236248952044773,Historical Volatility
2024-08-26,0.03997727500939147,0.16566702035496705,GARCH
2024-08-26,0.03997727500939147,0.11203720588868904,Random Forest
2024-08-26,0.03997727500939147,0.11263322085142136,XGBoost
2024-08-26,0.03997727500939147,0.11655034124851227,Hybrid GARCH+ML
2024-08-27,0.03992704088192931,0.1510640454447226,Historical Volatility
2024-08-27,0.03992704088192931,0.16566702035496705,GARCH
2024-08-27,0.03992704088192931,0.1079888267578538,Random Forest
2024-08-27,0.03992704088192931,0.10865636169910431,XGBoost
2024-08-27,0.03992704088192931,0.11132558435201645,Hybrid GARCH+ML
2024-08-28,0.044932473164497805,0.1489992143337248,Historical Volatility
2024-08-28,0.044932473164497805,0.16566702035496705,GARCH
2024-08-28,0.044932473164497805,0.10714720399449033,Random Forest
2024-08-28,0.044932473164497805,0.10760235786437988,XGBoost
2024-08-28,0.044932473164497805,0.10987319052219391,Hybrid GARCH+ML
2024-08-29,0.03813116693104475,0.14940989647029876,Historical Volatility
2024-08-29,0.03813116693104475,0.16566702035496705,GARCH
2024-08-29,0.03813116693104475,0.10540129426476202,Random Forest
2024-08-29,0.03813116693104475,0.10392394661903381,XGBoost
2024-08-29,0.03813116693104475,0.10122416168451309,Hybrid GARCH+ML
2024-08-30,0.08840672792524326,0.1486742822408813,Historical Volatility
2024-08-30,0.08840672792524326,0.16566702035496705,GARCH
2024-08-30,0.08840672792524326,0.09699460013178783,Random Forest
2024-08-30,0.08840672792524326,0.10466746240854263,XGBoost
2024-08-30,0.08840672792524326,0.1002422347664833,Hybrid GARCH+ML
2024-09-02,0.09082011427338879,0.14148139652412806,Historical Volatility
2024-09-02,0.09082011427338879,0.1284514210196235,GARCH
2024-09-02,0.09082011427338879,0.08934143390877841,Random Forest
2024-09-02,0.09082011427338879,0.0893135517835617,XGBoost
2024-09-02,0.09082011427338879,0.08501452952623367,Hybrid GARCH+ML
2024-09-03,0.09556650682605021,0.09454678690578502,Historical Volatility
2024-09-03,0.09556650682605021,0.1284514210196235,GARCH
2024-09-03,0.09556650682605021,0.09724357978661492,Random Forest
2024-09-03,0.09556650682605021,0.09602642804384232,XGBoost
2024-09-03,0.09556650682605021,0.09065141528844833,Hybrid GARCH+ML
2024-09-04,0.0991311207722709,0.09499223816900625,Historical Volatility
2024-09-04,0.0991311207722709,0.1284514210196235,GARCH
2024-09-04,0.0991311207722709,0.09933259582473446,Random Forest
2024-09-04,0.0991311207722709,0.10369668900966644,XGBoost
2024-09-04,0.0991311207722709,0.1058310940861702,Hybrid GARCH+ML
2024-09-05,0.16501414713921958,0.08822496484282075,Historical Volatility
2024-09-05,0.16501414713921958,0.1284514210196235,GARCH
2024-09-05,0.16501414713921958,0.10587894376274287,Random Forest
2024-09-05,0.16501414713921958,0.11133737862110138,XGBoost
2024-09-05,0.16501414713921958,0.11495380848646164,Hybrid GARCH+ML
2024-09-06,0.1427952069076309,0.09512853004006813,Historical Volatility
2024-09-06,0.1427952069076309,0.1284514210196235,GARCH
2024-09-06,0.1427952069076309,0.11464592739554316,Random Forest
2024-09-06,0.1427952069076309,0.13758154213428497,XGBoost
2024-09-06,0.1427952069076309,0.13451844453811646,Hybrid GARCH+ML
2024-09-09,0.14096579706060075,0.0896095640321495,Historical Volatility
2024-09-09,0.14096579706060075,0.1284514210196235,GARCH
2024-09-09,0.14096579706060075,0.10608689089169403,Random Forest
2024-09-09,0.14096579706060075,0.11239706724882126,XGBoost
2024-09-09,0.14096579706060075,0.12069199234247208,Hybrid GARCH+ML
2024-09-10,0.13813468007235874,0.08990280516439242,Historical Volatility
2024-09-10,0.13813468007235874,0.1284514210196235,GARCH
2024-09-10,0.13813468007235874,0.10402934335657482,Random Forest
2024-09-10,0.13813468007235874,0.11324828118085861,XGBoost
2024-09-10,0.13813468007235874,0.11959280073642731,Hybrid GARCH+ML
2024-09-11,0.1341546976159873,0.08532385120210781,Historical Volatility
2024-09-11,0.1341546976159873,0.1284514210196235,GARCH
2024-09-11,0.1341546976159873,0.10941909633865603,Random Forest
2024-09-11,0.1341546976159873,0.1226053461432457,XGBoost
2024-09-11,0.1341546976159873,0.1271124929189682,Hybrid GARCH+ML
2024-09-12,0.021922567629108613,0.10446167389175467,Historical Volatility
2024-09-12,0.021922567629108613,0.1284514210196235,GARCH
2024-09-12,0.021922567629108613,0.10533514738169338,Random Forest
2024-09-12,0.021922567629108613,0.09679877012968063,XGBoost
2024-09-12,0.021922567629108613,0.09941218793392181,Hybrid GARCH+ML
2024-09-13,0.10592061654316517,0.09147336201614988,Historical Volatility
2024-09-13,0.10592061654316517,0.1284514210196235,GARCH
2024-09-13,0.10592061654316517,0.09811853867934937,Random Forest
2024-09-13,0.10592061654316517,0.11208239942789078,XGBoost
2024-09-13,0.10592061654316517,0.100898876786232,Hybrid GARCH+ML
2024-09-16,0.11319662983056909,0.09148699093758975,Historical Volatility
2024-09-16,0.11319662983056909,0.1284514210196235,GARCH
2024-09-16,0.11319662983056909,0.09606398517977262,Random Forest
2024-09-16,0.11319662983056909,0.10609662532806396,XGBoost
2024-09-16,0.11319662983056909,0.0940796285867691,Hybrid GARCH+ML
2024-09-17,0.11277859324766701,0.09054842391175354,Historical Volatility
2024-09-17,0.11277859324766701,0.1284514210196235,GARCH
2024-09-17,0.11277859324766701,0.0954570641914641,Random Forest
2024-09-17,0.11277859324766701,0.09820640087127686,XGBoost
2024-09-17,0.11277859324766701,0.09432326257228851,Hybrid GARCH+ML
2024-09-18,0.11353994691806471,0.09100099972039465,Historical Volatility
2024-09-18,0.11353994691806471,0.1284514210196235,GARCH
2024-09-18,0.11353994691806471,0.09670288697071078,Random Forest
2024-09-18,0.11353994691806471,0.09839149564504623,XGBoost
2024-09-18,0.11353994691806471,0.09337882697582245,Hybrid GARCH+ML
2024-09-19,0.1268722354447624,0.09099217207223217,Historical Volatility
2024-09-19,0.1268722354447624,0.1284514210196235,GARCH
2024-09-19,0.1268722354447624,0.09699766707204903,Random Forest
2024-09-19,0.1268722354447624,0.09646683931350708,XGBoost
2024-09-19,0.1268722354447624,0.0985097587108612,Hybrid GARCH+ML
2024-09-20,0.07332726041954471,0.10265548767558756,Historical Volatility
2024-09-20,0.07332726041954471,0.1284514210196235,GARCH
2024-09-20,0.07332726041954471,0.09469090267145924,Random Forest
2024-09-20,0.07332726041954471,0.09466030448675156,XGBoost
2024-09-20,0.07332726041954471,0.08994758129119873,Hybrid GARCH+ML
2024-09-23,0.11760489397293727,0.1015449795871139,Historical Volatility
2024-09-23,0.11760489397293727,0.1284514210196235,GARCH
2024-09-23,0.11760489397293727,0.09359643424822567,Random Forest
2024-09-23,0.11760489397293727,0.09381022304296494,XGBoost
2024-09-23,0.11760489397293727,0.08796324580907822,Hybrid GARCH+ML
2024-09-24,0.11766691642339826,0.10159528926181592,Historical Volatility
2024-09-24,0.11766691642339826,0.1284514210196235,GARCH
2024-09-24,0.11766691642339826,0.09411138064356002,Random Forest
2024-09-24,0.11766691642339826,0.09159240126609802,XGBoost
2024-09-24,0.11766691642339826,0.08691307157278061,Hybrid GARCH+ML
2024-09-25,0.19150813503831554,0.10160658487243528,Historical Volatility
2024-09-25,0.19150813503831554,0.1284514210196235,GARCH
2024-09-25,0.19150813503831554,0.09205743848192299,Random Forest
2024-09-25,0.19150813503831554,0.08663046360015869,XGBoost
2024-09-25,0.19150813503831554,0.08283118903636932,Hybrid GARCH+ML
2024-09-26,0.19437385769040771,0.10378879039570615,Historical Volatility
2024-09-26,0.19437385769040771,0.1284514210196235,GARCH
2024-09-26,0.19437385769040771,0.09305249138169999,Random Forest
2024-09-26,0.19437385769040771,0.07968184351921082,XGBoost
2024-09-26,0.19437385769040771,0.08329938352108002,Hybrid GARCH+ML
2024-09-27,0.2038918619957112,0.10439088599084609,Historical Volatility
2024-09-27,0.2038918619957112,0.1284514210196235,GARCH
2024-09-27,0.2038918619957112,0.09269984274287951,Random Forest
2024-09-27,0.2038918619957112,0.09116996079683304,XGBoost
2024-09-27,0.2038918619957112,0.08743581920862198,Hybrid GARCH+ML
2024-09-30,0.18789905353337424,0.11884348541319824,Historical Volatility
2024-09-30,0.18789905353337424,0.12160395199920396,GARCH
2024-09-30,0.18789905353337424,0.10647662764522973,Random Forest
2024-09-30,0.18789905353337424,0.10922983288764954,XGBoost
2024-09-30,0.18789905353337424,0.11047795414924622,Hybrid GARCH+ML
2024-10-01,0.18806872483700005,0.1189268219789117,Historical Volatility
2024-10-01,0.18806872483700005,0.12160395199920396,GARCH
2024-10-01,0.18806872483700005,0.10114362559688642,Random Forest
2024-10-01,0.18806872483700005,0.09861277043819427,XGBoost
2024-10-01,0.18806872483700005,0.10507789254188538,Hybrid GARCH+ML
2024-10-03,0.1107172322328719,0.14270016732538096,Historical Volatility
2024-10-03,0.1107172322328719,0.12160395199920396,GARCH
2024-10-03,0.1107172322328719,0.12803532161662987,Random Forest
2024-10-03,0.1107172322328719,0.12303374707698822,XGBoost
2024-10-03,0.1107172322328719,0.12955453991889954,Hybrid GARCH+ML
2024-10-04,0.08903573382385747,0.1464669880852682,Historical Volatility
2024-10-04,0.08903573382385747,0.12160395199920396,GARCH
2024-10-04,0.08903573382385747,0.1424027224770744,Random Forest
2024-10-04,0.08903573382385747,0.14663027226924896,XGBoost
2024-10-04,0.08903573382385747,0.15178056061267853,Hybrid GARCH+ML
2024-10-07,0.07866761062236358,0.14377011827107233,Historical Volatility
2024-10-07,0.07866761062236358,0.12160395199920396,GARCH
2024-10-07,0.07866761062236358,0.14903025710593915,Random Forest
2024-10-07,0.07866761062236358,0.15851207077503204,XGBoost
2024-10-07,0.07866761062236358,0.15955238044261932,Hybrid GARCH+ML
2024-10-08,0.052411186679187,0.14671669761526468,Historical Volatility
2024-10-08,0.052411186679187,0.12160395199920396,GARCH
2024-10-08,0.052411186679187,0.14283590971618965,Random Forest
2024-10-08,0.052411186679187,0.1474677473306656,XGBoost
2024-10-08,0.052411186679187,0.15559928119182587,Hybrid GARCH+ML
2024-10-09,0.05713861523232547,0.14600059063009438,Historical Volatility
2024-10-09,0.05713861523232547,0.12160395199920396,GARCH
2024-10-09,0.05713861523232547,0.14396330960738077,Random Forest
2024-10-09,0.05713861523232547,0.1472811996936798,XGBoost
2024-10-09,0.05713861523232547,0.15853029489517212,Hybrid GARCH+ML
2024-10-10,0.08510005994193699,0.1449106647689246,Historical Volatility
2024-10-10,0.08510005994193699,0.12160395199920396,GARCH
2024-10-10,0.08510005994193699,0.13964872003052137,Random Forest
2024-10-10,0.08510005994193699,0.14072564244270325,XGBoost
2024-10-10,0.08510005994193699,0.14534489810466766,Hybrid GARCH+ML
2024-10-11,0.08965035144071828,0.12728828471834167,Historical Volatility
2024-10-11,0.08965035144071828,0.12160395199920396,GARCH
2024-10-11,0.08965035144071828,0.12906553447404046,Random Forest
2024-10-11,0.08965035144071828,0.14015835523605347,XGBoost
2024-10-11,0.08965035144071828,0.14710062742233276,Hybrid GARCH+ML
2024-10-14,0.0794962981659574,0.1299290848929725,Historical Volatility
2024-10-14,0.0794962981659574,0.12160395199920396,GARCH
2024-10-14,0.0794962981659574,0.12421720825247284,Random Forest
2024-10-14,0.0794962981659574,0.12486295402050018,XGBoost
2024-10-14,0.0794962981659574,0.1239103227853775,Hybrid GARCH+ML
2024-10-15,0.11771042911523207,0.1300559444943732,Historical Volatility
2024-10-15,0.11771042911523207,0.12160395199920396,GARCH
2024-10-15,0.11771042911523207,0.13171920407774856,Random Forest
2024-10-15,0.11771042911523207,0.13623037934303284,XGBoost
2024-10-15,0.11771042911523207,0.1462474912405014,Hybrid GARCH+ML
2024-10-16,0.1156383844553544,0.1301871521727834,Historical Volatility
2024-10-16,0.1156383844553544,0.12160395199920396,GARCH
2024-10-16,0.1156383844553544,0.13735677476059938,Random Forest
2024-10-16,0.1156383844553544,0.13689690828323364,XGBoost
2024-10-16,0.1156383844553544,0.1507081389427185,Hybrid GARCH+ML
2024-10-17,0.09738186931551446,0.13326493931237135,Historical Volatility
2024-10-17,0.09738186931551446,0.12160395199920396,GARCH
2024-10-17,0.09738186931551446,0.15045129182323091,Random Forest
2024-10-17,0.09738186931551446,0.15473566949367523,XGBoost
2024-10-17,0.09738186931551446,0.17506444454193115,Hybrid GARCH+ML
2024-10-18,0.11258614487680109,0.13434389930464516,Historical Volatility
2024-10-18,0.11258614487680109,0.12160395199920396,GARCH
2024-10-18,0.11258614487680109,0.14424666122590135,Random Forest
2024-10-18,0.11258614487680109,0.14604055881500244,XGBoost
2024-10-18,0.11258614487680109,0.16161245107650757,Hybrid GARCH+ML
2024-10-21,0.11994758175263193,0.12078323533123617,Historical Volatility
2024-10-21,0.11994758175263193,0.12160395199920396,GARCH
2024-10-21,0.11994758175263193,0.1431597073586334,Random Forest
2024-10-21,0.11994758175263193,0.14499370753765106,XGBoost
2024-10-21,0.11994758175263193,0.1632515788078308,Hybrid GARCH+ML
2024-10-22,0.0885014383107541,0.12268823482453838,Historical Volatility
2024-10-22,0.0885014383107541,0.12160395199920396,GARCH
2024-10-22,0.0885014383107541,0.15322180399096744,Random Forest
2024-10-22,0.0885014383107541,0.1618421971797943,XGBoost
2024-10-22,0.0885014383107541,0.17568339407444,Hybrid GARCH+ML
2024-10-23,0.09520065540503841,0.1223147845417844,Historical Volatility
2024-10-23,0.09520065540503841,0.12160395199920396,GARCH
2024-10-23,0.09520065540503841,0.15336469459344143,Random Forest
2024-10-23,0.09520065540503841,0.15722505748271942,XGBoost
2024-10-23,0.09520065540503841,0.17388154566287994,Hybrid GARCH+ML
2024-10-24,0.10258452617851485,0.12078069770434026,Historical Volatility
2024-10-24,0.10258452617851485,0.12160395199920396,GARCH
2024-10-24,0.10258452617851485,0.15218072252314852,Random Forest
2024-10-24,0.10258452617851485,0.15482664108276367,XGBoost
2024-10-24,0.10258452617851485,0.16839073598384857,Hybrid GARCH+ML
2024-10-25,0.08533003383082133,0.11466652227519136,Historical Volatility
2024-10-25,0.08533003383082133,0.12160395199920396,GARCH
2024-10-25,0.08533003383082133,0.15664178615422142,Random Forest
2024-10-25,0.08533003383082133,0.17212419211864471,XGBoost
2024-10-25,0.08533003383082133,0.17964324355125427,Hybrid GARCH+ML
2024-10-28,0.11569527876282192,0.12040117169104607,Historical Volatility
2024-10-28,0.11569527876282192,0.12160395199920396,GARCH
2024-10-28,0.11569527876282192,0.16149892735668053,Random Forest
2024-10-28,0.11569527876282192,0.15557211637496948,XGBoost
2024-10-28,0.11569527876282192,0.17515252530574799,Hybrid GARCH+ML
2024-10-29,0.126987801283521,0.11757963535587022,Historical Volatility
2024-10-29,0.126987801283521,0.13120619655393317,GARCH
2024-10-29,0.126987801283521,0.1543273454788782,Random Forest
2024-10-29,0.126987801283521,0.1490129977464676,XGBoost
2024-10-29,0.126987801283521,0.15690292418003082,Hybrid GARCH+ML
2024-10-30,0.1449631593274588,0.11761222271001556,Historical Volatility
2024-10-30,0.1449631593274588,0.13120619655393317,GARCH
2024-10-30,0.1449631593274588,0.14115506377725062,Random Forest
2024-10-30,0.1449631593274588,0.1416298747062683,XGBoost
2024-10-30,0.1449631593274588,0.14962485432624817,Hybrid GARCH+ML
2024-10-31,0.16229128868263024,0.09598164792860964,Historical Volatility
2024-10-31,0.16229128868263024,0.13120619655393317,GARCH
2024-10-31,0.16229128868263024,0.14797350337796175,Random Forest
2024-10-31,0.16229128868263024,0.15199913084506989,XGBoost
2024-10-31,0.16229128868263024,0.15479570627212524,Hybrid GARCH+ML
2024-11-01,0.16038844045552875,0.09435457748831898,Historical Volatility
2024-11-01,0.16038844045552875,0.13120619655393317,GARCH
2024-11-01,0.16038844045552875,0.1372986901511156,Random Forest
2024-11-01,0.16038844045552875,0.1401187926530838,XGBoost
2024-11-01,0.16038844045552875,0.13351279497146606,Hybrid GARCH+ML
2024-11-04,0.1322010287938207,0.09942987031761802,Historical Volatility
2024-11-04,0.1322010287938207,0.13120619655393317,GARCH
2024-11-04,0.1322010287938207,0.1468303059256944,Random Forest
2024-11-04,0.1322010287938207,0.14918126165866852,XGBoost
2024-11-04,0.1322010287938207,0.15791767835617065,Hybrid GARCH+ML
2024-11-05,0.13844940077877466,0.09986754284414139,Historical Volatility
2024-11-05,0.13844940077877466,0.13120619655393317,GARCH
2024-11-05,0.13844940077877466,0.13874665229469896,Random Forest
2024-11-05,0.13844940077877466,0.14121264219284058,XGBoost
2024-11-05,0.13844940077877466,0.14741891622543335,Hybrid GARCH+ML
2024-11-06,0.14954009383381783,0.10965643612486697,Historical Volatility
2024-11-06,0.14954009383381783,0.13120619655393317,GARCH
2024-11-06,0.14954009383381783,0.12970536647082115,Random Forest
2024-11-06,0.14954009383381783,0.1350720226764679,XGBoost
2024-11-06,0.14954009383381783,0.1388295292854309,Hybrid GARCH+ML
2024-11-07,0.12462198274315561,0.11576690015178913,Historical Volatility
2024-11-07,0.12462198274315561,0.13120619655393317,GARCH
2024-11-07,0.12462198274315561,0.13746102226062545,Random Forest
2024-11-07,0.12462198274315561,0.14961612224578857,XGBoost
2024-11-07,0.12462198274315561,0.15989737212657928,Hybrid GARCH+ML
2024-11-08,0.12598977238149728,0.1157754055767978,Historical Volatility
2024-11-08,0.12598977238149728,0.13120619655393317,GARCH
2024-11-08,0.12598977238149728,0.13554805365322012,Random Forest
2024-11-08,0.12598977238149728,0.13991102576255798,XGBoost
2024-11-08,0.12598977238149728,0.14898435771465302,Hybrid GARCH+ML
2024-11-11,0.12748249163727388,0.11183418902821811,Historical Volatility
2024-11-11,0.12748249163727388,0.13120619655393317,GARCH
2024-11-11,0.12748249163727388,0.14035687695496768,Random Forest
2024-11-11,0.12748249163727388,0.1491193324327469,XGBoost
2024-11-11,0.12748249163727388,0.14926983416080475,Hybrid GARCH+ML
2024-11-12,0.11423159365679957,0.11605442375518447,Historical Volatility
2024-11-12,0.11423159365679957,0.13120619655393317,GARCH
2024-11-12,0.11423159365679957,0.14455519150943472,Random Forest
2024-11-12,0.11423159365679957,0.15853066742420197,XGBoost
2024-11-12,0.11423159365679957,0.1674213707447052,Hybrid GARCH+ML
2024-11-13,0.17795392935916476,0.12276538200421448,Historical Volatility
2024-11-13,0.17795392935916476,0.13120619655393317,GARCH
2024-11-13,0.17795392935916476,0.15033479845069786,Random Forest
2024-11-13,0.17795392935916476,0.16643212735652924,XGBoost
2024-11-13,0.17795392935916476,0.1774853616952896,Hybrid GARCH+ML
2024-11-14,0.20055227659819896,0.12081681338297762,Historical Volatility
2024-11-14,0.20055227659819896,0.13120619655393317,GARCH
2024-11-14,0.20055227659819896,0.14980855616419286,Random Forest
2024-11-14,0.20055227659819896,0.16185319423675537,XGBoost
2024-11-14,0.20055227659819896,0.16060328483581543,Hybrid GARCH+ML
2024-11-18,0.19929211578769185,0.11818907935030326,Historical Volatility
2024-11-18,0.19929211578769185,0.13120619655393317,GARCH
2024-11-18,0.19929211578769185,0.14749329886660015,Random Forest
2024-11-18,0.19929211578769185,0.15888194739818573,XGBoost
2024-11-18,0.19929211578769185,0.1624041497707367,Hybrid GARCH+ML
2024-11-19,0.19972378022790985,0.11987975706880886,Historical Volatility
2024-11-19,0.19972378022790985,0.13120619655393317,GARCH
2024-11-19,0.19972378022790985,0.14670819649477365,Random Forest
2024-11-19,0.19972378022790985,0.15873971581459045,XGBoost
2024-11-19,0.19972378022790985,0.1658785194158554,Hybrid GARCH+ML
2024-11-21,0.22040712251298308,0.11542005283989289,Historical Volatility
2024-11-21,0.22040712251298308,0.13120619655393317,GARCH
2024-11-21,0.22040712251298308,0.1596376021354497,Random Forest
2024-11-21,0.22040712251298308,0.16865170001983643,XGBoost
2024-11-21,0.22040712251298308,0.1670544296503067,Hybrid GARCH+ML
2024-11-22,0.15698802058786396,0.14770493521484715,Historical Volatility
2024-11-22,0.15698802058786396,0.13120619655393317,GARCH
2024-11-22,0.15698802058786396,0.1541935519086045,Random Forest
2024-11-22,0.15698802058786396,0.15028727054595947,XGBoost
2024-11-22,0.15698802058786396,0.15928888320922852,Hybrid GARCH+ML
2024-11-25,0.13355208902867446,0.15600232860635962,Historical Volatility
2024-11-25,0.13355208902867446,0.13120619655393317,GARCH
2024-11-25,0.13355208902867446,0.14339101820970573,Random Forest
2024-11-25,0.13355208902867446,0.132762148976326,XGBoost
2024-11-25,0.13355208902867446,0.13232414424419403,Hybrid GARCH+ML
2024-11-26,0.14337244907923333,0.1526913194248193,Historical Volatility
2024-11-26,0.14337244907923333,0.13120619655393317,GARCH
2024-11-26,0.14337244907923333,0.14410148045296992,Random Forest
2024-11-26,0.14337244907923333,0.14009316265583038,XGBoost
2024-11-26,0.14337244907923333,0.13209983706474304,Hybrid GARCH+ML
2024-11-27,0.14145626297383385,0.1512981342920389,Historical Volatility
2024-11-27,0.14145626297383385,0.13120619655393317,GARCH
2024-11-27,0.14145626297383385,0.1425589857767248,Random Forest
2024-11-27,0.14145626297383385,0.13036276400089264,XGBoost
2024-11-27,0.14145626297383385,0.12489428371191025,Hybrid GARCH+ML
2024-11-28,0.11641046723825241,0.15861795162744513,Historical Volatility
2024-11-28,0.11641046723825241,0.15233103610934828,GARCH
2024-11-28,0.11641046723825241,0.14938752363372804,Random Forest
2024-11-28,0.11641046723825241,0.1530817747116089,XGBoost
2024-11-28,0.11641046723825241,0.15629437565803528,Hybrid GARCH+ML
2024-11-29,0.09756090530533974,0.16181588461745156,Historical Volatility
2024-11-29,0.09756090530533974,0.15233103610934828,GARCH
2024-11-29,0.09756090530533974,0.1453764069502374,Random Forest
2024-11-29,0.09756090530533974,0.1293511837720871,XGBoost
2024-11-29,0.09756090530533974,0.13478970527648926,Hybrid GARCH+ML
2024-12-02,0.08942758892113115,0.16214438018334298,Historical Volatility
2024-12-02,0.08942758892113115,0.15233103610934828,GARCH
2024-12-02,0.08942758892113115,0.1417461439526958,Random Forest
2024-12-02,0.08942758892113115,0.1370701789855957,XGBoost
2024-12-02,0.08942758892113115,0.14378640055656433,Hybrid GARCH+ML
2024-12-03,0.0722487987770348,0.1636523097048141,Historical Volatility
2024-12-03,0.0722487987770348,0.15233103610934828,GARCH
2024-12-03,0.0722487987770348,0.13300955845582382,Random Forest
2024-12-03,0.0722487987770348,0.11364636570215225,XGBoost
2024-12-03,0.0722487987770348,0.11846940219402313,Hybrid GARCH+ML
2024-12-04,0.07276492430452229,0.1561643389975584,Historical Volatility
2024-12-04,0.07276492430452229,0.15233103610934828,GARCH
2024-12-04,0.07276492430452229,0.1326752167527852,Random Forest
2024-12-04,0.07276492430452229,0.12516584992408752,XGBoost
2024-12-04,0.07276492430452229,0.12266160547733307,Hybrid GARCH+ML
2024-12-05,0.034305075292904705,0.1567056681510596,Historical Volatility
2024-12-05,0.034305075292904705,0.15233103610934828,GARCH
2024-12-05,0.034305075292904705,0.13123498478324683,Random Forest
2024-12-05,0.034305075292904705,0.11632698029279709,XGBoost
2024-12-05,0.034305075292904705,0.11705123633146286,Hybrid GARCH+ML
2024-12-06,0.07139193675761822,0.1522088639970197,Historical Volatility
2024-12-06,0.07139193675761822,0.15233103610934828,GARCH
2024-12-06,0.07139193675761822,0.13058094563270395,Random Forest
2024-12-06,0.07139193675761822,0.12302356958389282,XGBoost
2024-12-06,0.07139193675761822,0.12404348701238632,Hybrid GARCH+ML
2024-12-09,0.0750713569550971,0.1458553901089915,Historical Volatility
2024-12-09,0.0750713569550971,0.15233103610934828,GARCH
2024-12-09,0.0750713569550971,0.1315589278960323,Random Forest
2024-12-09,0.0750713569550971,0.12698009610176086,XGBoost
2024-12-09,0.0750713569550971,0.125257670879364,Hybrid GARCH+ML
2024-12-10,0.12205173489610752,0.14551347038554896,Historical Volatility
2024-12-10,0.12205173489610752,0.15233103610934828,GARCH
2024-12-10,0.12205173489610752,0.13157038236102891,Random Forest
2024-12-10,0.12205173489610752,0.12165365368127823,XGBoost
2024-12-10,0.12205173489610752,0.12193623185157776,Hybrid GARCH+ML
2024-12-11,0.1281509879991653,0.14544385128541973,Historical Volatility
2024-12-11,0.1281509879991653,0.15233103610934828,GARCH
2024-12-11,0.1281509879991653,0.1304506221652989,Random Forest
2024-12-11,0.1281509879991653,0.12046696990728378,XGBoost
2024-12-11,0.1281509879991653,0.12052131444215775,Hybrid GARCH+ML
2024-12-12,0.1449552106046934,0.13997590139808144,Historical Volatility
2024-12-12,0.1449552106046934,0.15233103610934828,GARCH
2024-12-12,0.1449552106046934,0.1376394697292048,Random Forest
2024-12-12,0.1449552106046934,0.1313275545835495,XGBoost
2024-12-12,0.1449552106046934,0.13549856841564178,Hybrid GARCH+ML
2024-12-13,0.16984490706029803,0.1303981944376898,Historical Volatility
2024-12-13,0.16984490706029803,0.15233103610934828,GARCH
2024-12-13,0.16984490706029803,0.13248165421515778,Random Forest
2024-12-13,0.16984490706029803,0.12505854666233063,XGBoost
2024-12-13,0.16984490706029803,0.13044585287570953,Hybrid GARCH+ML
2024-12-16,0.17463911352654427,0.13188291474367594,Historical Volatility
2024-12-16,0.17463911352654427,0.15233103610934828,GARCH
2024-12-16,0.17463911352654427,0.13562698795123684,Random Forest
2024-12-16,0.17463911352654427,0.13046778738498688,XGBoost
2024-12-16,0.17463911352654427,0.13539937138557434,Hybrid GARCH+ML
2024-12-17,0.14591353093891313,0.14230597790100713,Historical Volatility
2024-12-17,0.14591353093891313,0.15233103610934828,GARCH
2024-12-17,0.14591353093891313,0.14487786498091093,Random Forest
2024-12-17,0.14591353093891313,0.13651959598064423,XGBoost
2024-12-17,0.14591353093891313,0.14457572996616364,Hybrid GARCH+ML
2024-12-18,0.14045071554995628,0.1447024645064858,Historical Volatility
2024-12-18,0.14045071554995628,0.15233103610934828,GARCH
2024-12-18,0.14045071554995628,0.15310215310090639,Random Forest
2024-12-18,0.14045071554995628,0.14775162935256958,XGBoost
2024-12-18,0.14045071554995628,0.15004345774650574,Hybrid GARCH+ML
2024-12-19,0.12153535507595306,0.1475125148833332,Historical Volatility
2024-12-19,0.12153535507595306,0.15233103610934828,GARCH
2024-12-19,0.12153535507595306,0.16202387989000758,Random Forest
2024-12-19,0.12153535507595306,0.150711789727211,XGBoost
2024-12-19,0.12153535507595306,0.15989844501018524,Hybrid GARCH+ML
2024-12-20,0.07402417236103782,0.1334270828514048,Historical Volatility
2024-12-20,0.07402417236103782,0.15233103610934828,GARCH
2024-12-20,0.07402417236103782,0.1701172363603839,Random Forest
2024-12-20,0.07402417236103782,0.16183249652385712,XGBoost
2024-12-20,0.07402417236103782,0.17062994837760925,Hybrid GARCH+ML
